/train/B06___01_Romans______TAMDIPN1DA_chunk12.wav,298764,தமது நாமத்தின் நிமித்தம் விசுவாசத்திற்கு கீழ்ப்படிய பண்ணுவதற்காக எங்களுக்கு கிருபையையும் அப்போஸ்தல ஊழியத்தையும் கொடுத்திருக்கிறார்
/train/B04___11_John________TAMDIPN1DA_chunk8.wav,186828,அப்பொழுது இயேசு மீண்டும் தமக்குள்ளே கலங்கி கல்லறை இடத்திற்கு வந்த
/train/B03___05_Luke________TAMDIPN1DA_chunk8.wav,384844,பயப்படாதே நீ இனி மனிதர்களை பிடித்தவனாக இருப்பாய் என்றார் அவர்கள் படகுகளை கரையிலே கொண்டு போய் நிறுத்தி எல்லாவற்றையும் விட்டு அவருக்கு பின்னே சென்றார்கள்
/train/B05___28_Acts________TAMDIPN1DA_chunk9.wav,351820,மூன்று மாதங்கள் சென்ற பின்பு அந்த தீவிலே மழைக்காலத்திற்கு தங்கி இருந்த மிதுனம் என்னும் அடையாளம் உடைய அலெக்சாந்திரியா பட்டணத்து கப்பலில் நாங்கள் ஏறி புறப்பட்டு
/train/B06___01_Romans______TAMDIPN1DA_chunk24.wav,205964,சத்தியத்தை அநியாயத்தின் நாளே அடக்கி வைக்கிற மனிதர்களுடைய எல்லா விதமான அவ பக்திக்கும்
/train/B05___13_Acts________TAMDIPN1DA_chunk13.wav,196140,சிலியா பட்டணத்திற்கு வந்து கப்பல் ஏறி அங்கிருந்து சீர்திருத்த தீவுக்கு போனார்கள்
/train/B04___09_John________TAMDIPN1DA_chunk2.wav,505548,அவர் அப்புறம் போகும்போது பிறவிக் குருடன் ஆகிய ஒரு மனிதனைப் பார்த்தார் அப்பொழுது அவருடைய சீடர்கள் அவரைப் பார்த்து ரபி இவன் குருடனாக பிறந்தது யார் செய்த பாவம் இவன் செய்த பாவமோ இவனைப் பெற்றவர்கள் செய்த பாவமோ என்று கேட்டார்கள்
/train/B03___01_Luke________TAMDIPN1DA_chunk18.wav,231692,நியமங்களின் படியும் குற்றமற்றவர்களாக நடந்து தேவனுக்கு முன்பாக நீதி உள்ளவர்களாக இருந்தார்கள்
/train/B03___02_Luke________TAMDIPN1DA_chunk7.wav,377196,குழந்தைக்கு விருத்தசேதனம் பண்ண வேண்டிய எட்டாவது நாளிலே அது கர்ப்பத்தில் உருவாவதற்கு முன்பே தேவதூதர்கள் இயேசு என்று பெயர் வைத்தார்கள்
/train/B01___18_Matthew_____TAMDIPN1DA_chunk5.wav,212844,இந்த சிறியவர்களும் ஒருவரையும் அற்பமாக எண்ணாத படிக்கு எச்சரிக்கையாக இருங்கள்
/train/B01___24_Matthew_____TAMDIPN1DA_chunk7.wav,465836,இனிமேலும் நடைபெறாதது ஆன மிகுந்த உபத்திரவம் அப்பொழுது உண்டாயிருக்கும் அந்த நாட்கள் குறைக்கப்படாது இருந்தால் ஒருவன் கூட தப்பிப் போவதில்லை தெரிந்து கொள்ளப்பட்டவர்கள் நிமித்தம் அந்த நாட்கள் குறைக்கப்படும் அப்பொழுது
/train/B02___08_Mark________TAMDIPN1DA_chunk10.wav,606892,திருடர்கள் அப்பங்களை கொண்டு வர மறந்து போனார்கள் படையிலே அவர்களிடம் ஒரு அப்பம் மட்டுமே இருந்தது அவர் அவர்களைப் பார்த்து நீங்கள் பரிசேயர்கள் உடைய புளித்த மாவை குறித்தும் ஏரோதின் புளித்த மாவை குறித்தும் எச்சரிக்கையாக இருங்கள் என்று கற்பித்தார் அதற்கு அவர்கள்
/train/B01___22_Matthew_____TAMDIPN1DA_chunk3.wav,404780,பரலோக ராஜ்ஜியம் தன் குமாரனுக்கு திருமணம் செய்த ஒரு ராஜாவிற்கு ஒப்பாக இருக்கிறது அழைக்கப்பட்ட அவர்களை திருமணத்திற்கு வர சொல்லும்படி அவன் தன் வேலைக்காரர்களை அனுப்பினான் அவர்கள
/train/B03___23_Luke________TAMDIPN1DA_chunk11.wav,234764,அப்பொழுது ஏறக்குறைய பகல் 12 மணி ஆக இருந்தது மூன்று மணி வரைக்கும் பூமி எங்கும் இருள் உண்டானது
/train/B03___13_Luke________TAMDIPN1DA_chunk13.wav,380076,அவர் எருசலேமுக்கு பயணமாக போகும்போது பட்டணங்கள் தோறும் கிராமங்கள் தோறும் உபதேசம் செய்து கொண்டே போனார் அப்பொழுது ஒருவன் அவரை நோக்கி ஆண்டவரே விடுதலை ஆக்கப்படுகிறார்கள்
/train/B01___22_Matthew_____TAMDIPN1DA_chunk8.wav,371756,அதற்கு அவர் அப்படியானால் ராயன் உடையதை ராயனுக்கு தேவனுடைய தேவனுக்கும் செலுத்துங்கள் என்றார் அவர்கள் அதைக் கேட்டு ஆச்சரியப்பட்டு அவரை விட்டு போய் விட்டார்கள்
/train/B06___01_Romans______TAMDIPN1DA_chunk32.wav,328076,ஆமென் இதனால் தேவன் அவர்களை இழிவான இச்சைகளுக்கு ஒப்புக் கொடுத்தார் அப்படியே அவர்களுடைய பெண்கள் இயற்கையான இச்சையை
/train/B01___03_Matthew_____TAMDIPN1DA_chunk5.wav,564972,அப்பொழுது யோவா நாள் ஞானஸ்நானம் பெறுவதற்கு இயேசு கலிலேயா விட்டு யோர்தானுக்கு அருகே அவனிடத்தில் வந்தார் யோவான் அவருக்கு தடை செய்து நான் உம்மாலே ஞானஸ்நானம் பெற வேண்டியதாய் இருக்க நீர் என்னிடத்தில் வரலாமா என்ற
/train/B05___02_Acts________TAMDIPN1DA_chunk5.wav,179404,அப்பொழுது பலத்த காற்று அடிக்கிறது போல வானத்திலிருந்து திடீரென ஒரு முழக்கம் உண்டாக
/train/B05___21_Acts________TAMDIPN1DA_chunk32.wav,233068,அவன் அனுமதி அளித்தபோது பவுல் படிகளின் மேல் நின்று மக்களைப் பார்த்து அமைதியாக இருக்கச் சொல்லி
/train/B01___20_Matthew_____TAMDIPN1DA_chunk8.wav,398092,அதற்கு அவர்கள் ஒருவரும் எங்களுக்கு வேலை கொடுக்கவில்லை என்றார்கள் அவன் அவர்களைப் பார்த்து நீங்களும் திராட்சைத் தோட்டத்திற்கு போங்கள் நியாயமான படி ஊளி பெற்றுக் கொள்வீர்கள் என்ற
/train/B04___12_John________TAMDIPN1DA_chunk8.wav,238284,பிலிப்பு வந்து அதை அந்திரேயா அறிவித்தான் பின்பு அந்திரேயா பிலிப்பும் அதை இயேசுவுக்கு அறிவித்தார்கள்
/train/B02___05_Mark________TAMDIPN1DA_chunk4.wav,303052,கல்லறையில் இருந்து அவருக்கு எதிராக வந்தான் அவன் கல்லறைகளில் குடியிருந்து வந்தான் அவனை சங்கிலிகளால் கட்டவும் ஒருவனுக்கு முடியவில்லை
/train/B03___05_Luke________TAMDIPN1DA_chunk19.wav,178316,யோவானுடைய சீடர்கள் அனேக தரம் உபவாசித்து ஜெபம் செய்து வருகிறார்கள்
/train/B01___04_Matthew_____TAMDIPN1DA_chunk2.wav,450572,அப்பொழுது இயேசு பிசாசினால் சோதிக்க படுவதற்கு ஆவியானவரால் வனாந்தரத்தில் கொண்டு போக பட்டார் அவர் இரவும் பகலும் 40 நாட்கள் உபவாச இருந்த பின்பு அவருக்கு பசி உண்டானது
/train/B03___01_Luke________TAMDIPN1DA_chunk33.wav,394476,அந்த நாளில் மரியாள் எழுந்து மலை நாடாகிய யூதேயாவில் உள்ள ஒரு பட்டணத்திற்கு சீக்கிரமாக போய் சகரியாவின் வீட்டுக்கு சென்று எலிசபெத்தை வாழ்த்தின
/train/B03___08_Luke________TAMDIPN1DA_chunk18.wav,216748,அந்தப்படி அவன் போய் இயேசு தனக்கு செய்தவைகளை எல்லாம் பட்டணத்தில் எங்கும் சொல்லி பிரசித்த படுத்த
/train/B03___04_Luke________TAMDIPN1DA_chunk8.wav,570220,அப்பொழுது ஏசாயா தீர்க்கதரிசியின் புத்தகம் அவரிடத்தில் கொடுக்கப்பட்டது அவர் புத்தகத்தை விரித்த போது யெகோவாவுடைய ஆவியானவர் என்மேல் இருக்கிறார் எளியவர்களுக்கு நற்செய்தியை பிரசங்கிகள் என்னை அபிஷேகம் பண்ணின
/train/B03___09_Luke________TAMDIPN1DA_chunk5.wav,502636,புறப்பட்டு போய் கிராமம் கிராமமாக சென்று நற்செய்தியை பிரசங்கித்து நோயாளிகளை குணமாக்கினார் அப்பொழுது கால் பங்கு தேசாதிபதியாகிய ஏரோது அவரால் செய்யப்பட்ட எல்லாவற்றையும் கேள்விபட்டது மட்டுமல்லாமல்
/train/B05___19_Acts________TAMDIPN1DA_chunk6.wav,284204,காலத்திலே இந்த மார்க்கத்தை குறித்து பெரிய கழகம் உண்டானது எப்படி என்றால் என்ன தெரியும் என்னும் பெயர் கொண்ட ஒரு தட்ட
/train/B02___16_Mark________TAMDIPN1DA_chunk7.wav,462924,திருடர்கள் புறப்பட்டு போய் எல்லா இடங்களிலும் பிரசங்கம் பண்ணினார்கள் கர்த்தர் அவர்கள் மூலம் கிரியை செய்து அவர்களால் நடந்த அற்புத அடையாளங்களால் வசனத்தை உறுதிபடுத்தினார் ஆமென்
/train/B01___06_Matthew_____TAMDIPN1DA_chunk12.wav,177804,அவர்கள் அதிக வார்த்தைகளினால் தங்களுடைய ஜெபம் கேட்கப்படும் என்று நினைக்கிறார்கள்
/train/B02___01_Mark________TAMDIPN1DA_chunk11.wav,199148,உடனே அவர்கள் ஜெப ஆலயத்தை விட்டு புறப்பட்டு யாக்கோபு மற்றும் யோவான்
/train/B04___19_John________TAMDIPN1DA_chunk12.wav,279660,பின்பு அந்த சீடனை பார்த்து அதோ உன் தாய் என்றார் அந்த நேரம் முதல் அந்த சீடன் அவளை தன்னிடம் ஆக ஏற்றுக் கொண்ட
/train/B05___27_Acts________TAMDIPN1DA_chunk13.wav,221132,பெரும் காற்று மழையில் நாங்கள் மிகவும் அவதிப்பட்ட படியினால் மறுநாளில் சில பொருட்களை கடலில் எறிந்தார்கள்
/train/B03___17_Luke________TAMDIPN1DA_chunk15.wav,600332,லோத்து சோதனை விட்டுப் புறப்பட்ட நாளிலே வானத்திலிருந்து அக்கினியும் கந்தகமும் பெய்து எல்லோரையும் அழித்து போட்டது மனித குமாரன் வெளிப்படும் நாளிலும் அப்படியே நடக்கும் அந்த நாளிலே வீட்டின் மேல் இருப்பவன் வீட்டில் உள்ள தன் பொருட்களை எடுத்துக் கொண்டு போக இறங்காமல் இருக்க வேண்டும்
/train/B02___08_Mark________TAMDIPN1DA_chunk7.wav,389580,சாப்பிட்டவர்கள் ஏறக்குறைய 4000 பெயராக இருந்தார்கள் பின்பு அவர் அவர்களை அனுப்பி விட்டார் உடனே அவர் தம்முடைய சீடர்களோடு படகில் ஏறி தன்
/train/B05___21_Acts________TAMDIPN1DA_chunk18.wav,235788,வித்தாலியன்
/train/B03___06_Luke________TAMDIPN1DA_chunk17.wav,461676,பின்பு அவர் அவர்களுடன் இறங்கி சமமான ஒரு இடத்திலே நின்றார் அங்கே அவருடைய சீடர்கள் அனைவரும் அவருடைய உபதேசத்தை கேட்பதற்காகவும் தங்களுடைய வியாதிகளிலிருந்து குணமாக்க படுவதற்காக
/train/B03___10_Luke________TAMDIPN1DA_chunk2.wav,340332,இவைகளுக்கு பின்பு கர்த்தர் வேறு 70 பேரை நியமித்து தான் போகும் எல்லா பட்டணங்களும் இடங்களுக்கும் அவர்களை தமக்கு முன்பாக இரண்டு இரண்டு பேராக அனுப்ப
/train/B03___17_Luke________TAMDIPN1DA_chunk2.wav,285484,பின்பு இயேசு தம்முடைய சீடர்களை நோக்கி இடர்கள் வராமல் இருக்க முடியாது ஆனாலும் அவைகள் எவனால் வருகிறதோ அவனுக்கு ஐயோ
/train/B03___15_Luke________TAMDIPN1DA_chunk19.wav,233708,கீத வாக்கியத்தையும் நடன களிப்பையும் கேட்டு வேலைக்காரர்கள் ஒருவனை அழைத்து இது என்ன என்று விசாரித்தான்
/train/B03___07_Luke________TAMDIPN1DA_chunk11.wav,525708,என்று கேட்கும்படி யோவான் ஞானம் எங்களை உம்மிடம் அனுப்பினார் என்றார்கள் அந்த நேரத்திலே நோய்களையும் கொடிய வியாதிகளையும் பொல்லாத ஆவிகளையும் கொண்டிருந்த அநேகரை அவர் குணமாக்கி அநேக குருடர்களுக்கு பார்வை அளித்த
/train/B04___04_John________TAMDIPN1DA_chunk7.wav,295916,யூதர்கள் சமாரிய உடனே எந்தத் தொடர்பும் வைக்காதவர்கள் ஆனபடியால் சமாரியப் பெண் அவரைப் பார்த்து நீர் யூதனாக இருக்க
/train/B01___20_Matthew_____TAMDIPN1DA_chunk2.wav,361708,பரலோக ராஜ்ஜியம் வீட்டு எஜமான் ஆகிய ஒரு மனிதனுக்கு ஒப்பாக இருக்கிறது அவன் தன் திராட்சை தோட்டத்திற்கு வேலை ஆட்களை அமர்த்த அதிகாலையிலே புறப்பட்டான்
/train/B06___01_Romans______TAMDIPN1DA_chunk35.wav,218924,தவறான காரியங்களை செய்வதற்காக தேவன் அவர்களை கேடான சிந்தைக்கு ஒப்புக் கொடுத்த
/train/B05___21_Acts________TAMDIPN1DA_chunk33.wav,192364,கையை அசைத்தான் மிகுந்த அமைதி உண்டானது அப்பொழுது அவன் எபிரேய மொழியில் பேசத் தொடங்கின
/train/B02___05_Mark________TAMDIPN1DA_chunk3.wav,163596,அவர் படகிலிருந்து இறங்கின உடனே அசுத்த ஆவி உள்ள ஒரு மனிதன்
/train/B03___09_Luke________TAMDIPN1DA_chunk8.wav,465420,அப்போஸ்தலர்கள் திரும்பி வந்து தாங்கள் செய்த எல்லாவற்றையும் அவருக்கு விளக்கிச் சொன்னார்கள் அப்பொழுது அவர் அவர்களைக் கூட்டிக்கொண்டு தனிமையாக இருக்கும்படி பெத்சாயிதா என்னும் பட்டணத்தின் வனாந்திர ஒரு இடத்திற்கு போன
/train/B06___01_Romans______TAMDIPN1DA_chunk22.wav,391980,விசுவாசத்தினாலே நீதிமான் பிழைப்பான் என்று எழுதியிருக்கிறபடி விசுவாசத்தினால் உண்டாகும் தேவ நீதி விசுவாசத்திற்கு என்று அந்த நற்செய்தி நாள் வெளிப்படுத்தப்படுகிறது
/train/B05___13_Acts________TAMDIPN1DA_chunk18.wav,472364,தாவீதை அவர்களுக்கு ராஜாவாக ஏற்படுத்தினார் ஈசாயின் மகனாகிய தாவீதை என் மனத்திற்கு பிடித்தவனாக பார்த்தேன் எனக்கு விருப்பமானவை எல்லாம் அவன் செய்வான் என்று அவனைக் குறித்து சாட்சியம் சொன்ன
/train/B06___02_Romans______TAMDIPN1DA_chunk2.wav,340364,ஆகவே மற்றவர்களை குற்றவாளியாக தீர்ப்பவனே நீ யாராலும் சரி சாக்கு போக்கு சொல்ல முடியாது நீ குற்றமாக தீர்க்கிற வகைகள் எவை
/train/B03___08_Luke________TAMDIPN1DA_chunk10.wav,276844,பின்பு ஒரு நாள் அவர் தமது சீடர்களோடு படகில் ஏறி கடலின் அக்கரைக்கு போவோம் வாருங்கள் என்றார் அப்படியே புறப்பட்டு போனார்கள்
/train/B04___18_John________TAMDIPN1DA_chunk3.wav,379564,அப்பொழுது சீமோன் பேதுரு தன்னிடத்தில் இருந்த வாளை உருவி பிரதான ஆசாரியனுடைய வேலைக்காரன் வலது காதை வெட்டினான் அந்த வேலைக்காரனுக்கு மல்கு என்று பெயர்
/train/B05___07_Acts________TAMDIPN1DA_chunk10.wav,490092,இவைகளை அவர்கள் கேட்ட பொழுது மிகுந்த கோபமடைந்து அவனைப் பார்த்து பல்லை கடித்தார்கள் அவன் பரிசுத்த ஆவியானவரால் நிறைந்தவனாக வானத்தை அண்ணாந்து பார்த்து தேவனுடைய மகிமையையும் தேவனுடைய வலது பக்கத்தில்
/train/B05___21_Acts________TAMDIPN1DA_chunk20.wav,405932,நாங்கள் பல நாட்கள் அங்கு தங்கி இருக்கும்போது அகபு என்ற பெயர் உள்ள ஒரு தீர்க்கதரிசி யூதேயாவில் இருந்து வந்தான் அவன் எங்களிடம் வந்து பவுலின் உடைய இடுப்பில் கட்டி இருந்த கச்சையை உரு
/train/B04___21_John________TAMDIPN1DA_chunk6.wav,466636,அப்பொழுது இயேசு வந்து அப்பத்தையும் மீனையும் எடுத்து அவர்களுக்கு கொடுத்தார் இயேசு மரித்தோரிலிருந்து உயிரோடு எழுந்த பின்பு மூன்றாவது முறையாக தம்முடைய சீடர்களுக்கு இவ்வாறு வெளிப்படுத்தினார்
/train/B03___20_Luke________TAMDIPN1DA_chunk10.wav,626956,உயிர்த்தெழுதல் இல்லை என்று சாதிக்கிற சதுசேயர்கள் சிலர் அவரிடத்தில் வந்து போதகரே ஒருவன் மனைவியை உடையவனாக இருந்து சந்ததி இல்லாமல் மரித்துப் போனால் அவனுடைய சகோதரன் அவன் மனைவியை திருமணம் செய்து தன் சகோதரனுக்கு சந்ததி உண்டாக்க வேண்டும் என்று மோசே எங்களுக்கு எழுதி வைத்திருக்கிறாரே
/train/B05___08_Acts________TAMDIPN1DA_chunk14.wav,279724,அப்பொழுது பிலிப்பு பேசத் தொடங்கி இந்த வேத வாக்கியத்தை அடிப்படையாக வைத்து இயேசுவைக் குறித்து அவனுக்கு போதித்தான்
/train/B01___23_Matthew_____TAMDIPN1DA_chunk12.wav,339532,கர்த்தருடைய நாமத்தினாலே வருகிறவர் போற்றப்பட்டவர் என்று நீங்கள் சொல்லும் வரை இது முதல் என்னை காணாமல் இருப்பீர்கள் என்று உங்களுக்குச் சொல்லுகிறேன் என்ற
/train/B05___08_Acts________TAMDIPN1DA_chunk12.wav,331308,மந்திரி பிலிப்பை நோக்கி தீர்க்கதரிசி யாரைக் குறித்து இதை சொல்லுகிறார் நம்மை குறித்து வேறு ஒருவரை குறித்து எனக்கு சொல்ல வேண்டும் என்று கேட்டுக் கொண்டான்
/train/B02___05_Mark________TAMDIPN1DA_chunk5.wav,273452,அவன் பலமுறை விலங்குகளாலும் சங்கிலி களினாலும் கட்டப்பட்டும் சங்கிலிகளை தகர்த்து விலங்குகளை உடைத்து போடுவான்
/train/B01___28_Matthew_____TAMDIPN1DA_chunk8.wav,313132,11 சீடர்களும் கலிலேயாவில் இயேசு தங்களுக்கு குறித்திருந்த மலைக்குப் போனார்கள் அங்கே அவர்கள் அவரைப் பார்த்து பணிந்து கொண்டார்கள்
/train/B04___13_John________TAMDIPN1DA_chunk8.wav,496556,இயேசு அவனுக்கு மறுமொழியாக எனக்காக உன் ஜீவனைக் கொடுப்பாயாக சேவல் கூவுகிறது முன்பே நீ என்னை மூன்று முறை மறுதலிப்பாய் என்று உண்மையாகவே உண்மையாகவே உனக்குச் சொல்லுகிறேன் என்றார்
/train/B04___09_John________TAMDIPN1DA_chunk10.wav,350316,பெற்றோர் மறுமொழியாக இவன் எங்களுடைய மகன்தான் என்றும் குருடனாக பிறந்தான் என்றும் எங்களுக்கு தெரியும் இப்பொழுது இவன் பார்வை அடைந்தது எப்படி என்று எங்களுக்கு தெரியாது
/train/B05___03_Acts________TAMDIPN1DA_chunk3.wav,486860,ஆலயத்திற்குள் வருகிற இடத்தில் பிச்சை கேட்கும்படி அணு தினமும் அவனை அலங்கார வாசல் எனப்பட்ட தேவாலய வாசல் அருகில் வைப்பார்கள் அவன் ஆலயத்திற்குள் பிரவேசிக்கிறார் யோவானையும் பார்த்து பிச்சை கேட்டான்
/train/B01___27_Matthew_____TAMDIPN1DA_chunk5.wav,436908,இயேசு தேசாதிபதி முன்பாக நின்றார் தேசாதிபதி அவரைப் பார்த்து நீ யூதர்களுடைய ராஜாவா என்று கேட்டான் அதற்கு இயேசு நீர் சொல்லுகிறபடி தான் என்றார் பிரதான ஆசாரியர்களும் மூப்பர்களும்
/train/B06___01_Romans______TAMDIPN1DA_chunk10.wav,462540,சரீரத்தின் படி தாவீதின் வம்சத்தில் பிறந்தவரும் பரிசுத்த ஆவியின் படி தேவனுடைய குமாரர் என்று மரித்தோரிலிருந்து உயிரோடு எழுந்ததால் பலமாக நிரூபிக்கப்பட்ட தேவகுமாரன் ஆக இருக்கிறார்
/train/B03___24_Luke________TAMDIPN1DA_chunk13.wav,582188,அவர்களை ஆசிர்வதிக்கும் பொழுது அவர்களை விட்டுப் பிரிந்து பரலோகத்துக்கு எடுத்துக்கொள்ளப்பட்டார் அவர்கள் அவரைப் பணிந்து கொண்டு மிகுந்த சந்தோஷத்தோடு எருசலேமுக்கு திரும்பி வந்து நாள்தோறும் தேவாலயத்தில் தேவனை புகழ்ந்து ஆராதித்து கொண்டிருந்தார்கள் ஆமென்
/train/B05___14_Acts________TAMDIPN1DA_chunk15.wav,318508,சீடர்கள் அவனைச் சூழ்ந்து நிற்கும் போது அவன் எழுந்து பட்டணத்திற்கு உள்ளே போனான் மறுநாளில் பர்னபா உடனே கூட தர்ப்பைக் புறப்பட்டுப் போன
/train/B02___08_Mark________TAMDIPN1DA_chunk14.wav,190348,அவன் பார்த்து மனிதர்களை நடக்கிற மரங்களைப் போல பார்க்கிறேன் என்ற
/train/B01___13_Matthew_____TAMDIPN1DA_chunk17.wav,372972,இயேசு இந்த உவமைகளை சொல்லி முடித்த பின்பு அந்த இடத்தை விட்டு தாம் வளர்ந்த ஊருக்கு வந்து அவர்களுடைய ஜெப ஆலயத்திலே அவர்களுக்கு உபதேசம் செய்த
/train/B03___22_Luke________TAMDIPN1DA_chunk7.wav,442668,பஸ்கா ஆட்டை பலியிட வேண்டிய புளிப்பில்லாத அப்ப பண்டிகை நாள் வந்தது அப்பொழுது அவர் பேதுருவையும் யோவானையும் அழைத்து நாம் பஸ்காவை புசிப்பதற்கு நீங்கள் போய் அதை நமக்கு ஆயத்தம் செய்யுங்கள் என்ற
/train/B03___23_Luke________TAMDIPN1DA_chunk12.wav,530828,சூரியன் இருள் அடைந்தது தேவாலயத்தின் திரைச்சீலை நடுவில் இரண்டாகக் கிழிந்தது இயேசு பிதாவே உம்முடைய கைகளில் என் ஆவியை ஒப்புவிக்கிறேன் என்று மிகுந்த சத்தமிட்டுக் கூப்பிட்டு சொன்னார் இப்படி சொல்லி ஜீவனை விட்டார்
/train/B03___04_Luke________TAMDIPN1DA_chunk7.wav,581260,அவர்களுடைய ஜெப ஆலயங்களில் அவர் உபதேசித்து எல்லோராலும் புகழப்பட்டார் ஒரு நாள் இயேசு தாம் வளர்ந்த ஊராக வந்து தம்முடைய வழக்கத்தின் படியே ஓய்வு நாளில் ஜெப ஆலயத்திற்கு சென்று வேதத்தை வாசிக்க எழுந்து நின்றார்
/train/B04___01_John________TAMDIPN1DA_chunk4.wav,178380,ஆவே அவர் என்னை விட மேன்மை உள்ளவர் என்று நான் சொல்லியிருந்தேன்
/train/B03___17_Luke________TAMDIPN1DA_chunk13.wav,178284,எல்லோரையும் அழித்து போட்டது லோத்தின் உடைய நாட்களில் நடந்தது போலவும் நடக்கும்
/train/B02___08_Mark________TAMDIPN1DA_chunk4.wav,356780,அதற்கு அவருடைய சீடர்கள் இந்த வனாந்தரத்திலே ஒருவன் எங்கே இருந்து அப்பங்களை கொண்டு வந்து எத்தனை மக்களுக்கு கொடுத்து திருப்தி ஆக்க முடியும் என்றார்கள்
/train/B05___27_Acts________TAMDIPN1DA_chunk6.wav,508364,தெளிசியாசா பட்டணத்து கப்பலை 100 பேருக்கு தலைவன் அங்கே பார்த்து எங்களை அதில் ஏற்றின
/train/B06___02_Romans______TAMDIPN1DA_chunk11.wav,363884,சத்தியத்தையும் காட்டிய சட்ட உடையவனாகவும் நினைக்கிறாயே இப்படி இருக்க மற்றவர்களுக்கு போதிக்கிற நீர் உனக்கு நீயே போதிக்காமல் இருக்கலாமா
/train/B03___06_Luke________TAMDIPN1DA_chunk23.wav,201996,அதிகமாக இருக்கும் அவர்களுடைய முற்பிதாக்கள் தீர்க்கதரிசிகளுக்கு அப்படித்தான் செய்தார்கள்
/train/B23___01_1John_______TAMDIPN1DA_chunk17.wav,207436,அவருடைய குமாரனாகிய இயேசு கிறிஸ்துவின் இரத்தம் எல்லா பாவங்களையும் நீக்கி நம்மை சுத்திகரிக்கும்
/train/B04___01_John________TAMDIPN1DA_chunk8.wav,288620,எருசலேமிலிருந்து யூதர்கள் ஆசாரியர்களும் லேவியர் களையும் யோவான் இடத்தில் அனுப்பி நீர் யார் என்று கேட்டபொழுது
/train/B03___06_Luke________TAMDIPN1DA_chunk37.wav,322028,நல்ல மரமானது கெட்ட கனியை கொடுக்காது கெட்ட மரமானது நல்ல கனியை கொடுக்காது ஒவ்வொரு மரமும் அதன் கனியால் அறியப்படும்
/train/B04___21_John________TAMDIPN1DA_chunk8.wav,409932,அவர்கள் சாப்பிட்ட பின்பு இயேசு சீமோன் பேதுருவைப் பார்த்து யோனாவின் மகனாகிய சீமோனே இவர்களை விட நீ அதிகமாக என்மேல் அன்பாக இருக்கிறாயா என்ற
/train/B05___02_Acts________TAMDIPN1DA_chunk9.wav,362572,எல்லோரும் பிரமித்து சந்தேகப்பட்டு இது என்னவாய் முடியுமோ என்று ஒருவரோடு ஒருவர் சொல்லிக் கொண்டார்கள் மற்றவர்களோ இவர்கள் மதுபானம் அறிந்து இருக்கிறார்கள் என்று கேலி செய்தார்கள்
/train/B04___03_John________TAMDIPN1DA_chunk5.wav,432044,ஒளியானது உலகத்தில் வந்திருந்தும் மனிதர்களுடைய செயல்கள் தீமையாக இருந்தபடியினால் அவர்கள் ஒளியை விட இருளை விரும்புவதே அந்த தண்டனை தீர்ப்புக்கு காரணமாக இருக்கிறது
/train/B01___07_Matthew_____TAMDIPN1DA_chunk4.wav,420812,பரிசுத்தமான நாய்களுக்கு கொடுக்காதீர்கள் உங்களுடைய முத்துக்களையும் பன்றிகள் முன் போடாதீர்கள் போட்டால் தங்களுடைய கால்களால் அவைகளை மிதித்து திரும்பிக் கொண்டு உங்களை பிரித்து போட
/train/B04___09_John________TAMDIPN1DA_chunk13.wav,477676,அவர் தேவனிடத்திலிருந்து வராமல் இருந்தால் ஒன்றும் செய்ய மாட்டாரே என்றான் அவர்கள் அவனுக்கு மறுமொழியாக முழுவதும் பாவத்தில் பிறந்த நீ எங்களுக்கு போதிக்கிற என்று சொல்லி அவனை வெளியே தள்ளி விட்டார்கள்
/train/B03___11_Luke________TAMDIPN1DA_chunk13.wav,587660,மக்கள் கூட்டமாக கூடி வந்திருக்கிற பொழுது அவர் இந்த வம்சத்தார் பொல்லாதவர்கள் இருக்கிறார்கள் அடையாளத்தைத் தேடுகிறார்கள் ஆனாலும் யோனா தீர்க்கதரிசியின் அடையாளம் தவிர வேறு எந்த அடையாளமும் இவர்களுக்கு கொடுக்கப்படுவது இல்லை யோனா நிலவே பட்டணத்தை அவர்களுக்கு
/train/B01___06_Matthew_____TAMDIPN1DA_chunk5.wav,205900,அப்பொழுது மறைவிடத்தில் பார்க்கிற உன் பிதா தாமே உனக்கு வெளி அரங்கமாக பலன் அளி
/train/B05___19_Acts________TAMDIPN1DA_chunk7.wav,603052,தியானத்தின் கோயிலைப் போல வெள்ளியினால் சிறிய கோவில்களை செய்து தொழிலாளிகளுக்கு மிகுந்த ஆதாயம் வருவித்துக் கொண்டிருந்தான் இவர்களையும் இப்படிப்பட்ட தொழில் செய்கிற மற்ற வேலை ஆட்களையும் அவன் கூடி வரச் செய்து மக்களே இந்த தொழிலினால் நமக்கு நல்ல பிழைப்பு உண்டாயிருக்கிறது என்று அறிவீர்கள்
/train/B03___05_Luke________TAMDIPN1DA_chunk22.wav,534796,மணவாளன் தங்களோடு இருக்கும்போது மணவாளன் உடைய தோழர்களை நீங்கள் உபவாசிக்க சொல்ல முடியுமா மணவாளன் அவர்களை விட்டுப் போகும் நாட்கள் வரும் அந்த நாட்களிலே உபவாசித்து ஒரு உவமையையும் சொன்ன
/train/B06___03_Romans______TAMDIPN1DA_chunk5.wav,192108,தேவனுடைய வாக்கியங்கள் அவர்களிடத்தில் ஒப்புவிக்கப்பட்ட விசேஷித்த மேன்மையே
/train/B03___05_Luke________TAMDIPN1DA_chunk25.wav,311148,புதிய ஆடை பழைய ஆடைக்கு பொருத்தமாக இருக்காது ஒருவனும் புதிய திராட்சை ரசத்தை பழைய தோல் பைகளில் ஊற்றி வைக்க மாட்ட
/train/B06___01_Romans______TAMDIPN1DA_chunk18.wav,574348,சகோதரர்களை யூதர் அல்லாதவர்கள் ஆகிய மற்றவர்களுக்கு உள்ளே நான் அநேகரை இரட்சிப்புக்கு வழி நடத்தியது போல உங்களுக்குள்ளும் சிலரை இரட்சிப்புக்கு வழி நடத்துவதற்காக உங்களிடம் வருவதற்காக பலமுறை நான் யோசனையாக இருந்தேன்
/train/B03___01_Luke________TAMDIPN1DA_chunk20.wav,632524,இருவரும் முதிர் வயதானவர்கள் ஆகவும் இருந்தார்கள் அப்படி இருக்க அவன் தன் ஆசாரிய முறைமைகளின் படி தேவ சந்நிதியிலே ஆசாரிய ஊழியம் செய்து வருகிற காலத்தில் ஆசாரிய ஊழிய முறைகளின் படி அவன் தேவாலயத்திற்கு சென்று தூபம் காட்டுவதற்காக தேர்ந்தெடுக்கப்பட்ட
/train/B06___01_Romans______TAMDIPN1DA_chunk26.wav,317836,தேவனைக் குறித்து தெரிந்து கொள்வது அவர்களுக்குள்ளே வெளிப்பட்டு இருக்கிறது தேவனே அதை அவர்களுக்கு வெளிப்படுத்தி இருக்கிறார் எப்படி என்றால்
/train/B03___23_Luke________TAMDIPN1DA_chunk3.wav,245356,அப்பொழுது பிலாத்து பிரதான ஆசாரியர்களும் மக்களையும் பார்த்து இந்த மனிதனிடத்தில் நான் ஒரு குற்றத்தையும் காணவில்லை என்ற
/train/B05___17_Acts________TAMDIPN1DA_chunk4.wav,328364,அவர்களில் சிலரும் பக்தி உள்ள கிரேக்கர்களை அநேகரும் கணம் பெற்ற பெண்களில் அநேகரும் விசுவாசித்து பவுல் சீலா விடும் சேர்ந்து கொண்டார்கள்
/train/B04___03_John________TAMDIPN1DA_chunk7.wav,325484,சத்தியத்தின் படி செய்கிறவனே தன் செய்கைகள் தேவனுக்கு உள்ளாக செய்யப்படுகிறது என்று வெளிப்படும் படிக்கு ஒளியின் இடத்தில் வருகிறான் என்றார்
/train/B01___20_Matthew_____TAMDIPN1DA_chunk7.wav,293548,5:00 மணி அளவிலும் அவன் போய் சும்மா நிற்கிற வேறு சிலரை பார்த்து நீங்கள் பகல் முழுவதும் இங்கே சும்மா நிற்கிறது என்ன என்று கேட்ட
/train/B01___26_Matthew_____TAMDIPN1DA_chunk9.wav,448044,புளிப்பில்லாத அப்ப பண்டிகையின் முதல் நாளிலே சீடர்கள் இயேசுவின் இடத்தில் வந்து பஸ்காவை புசிப்பதற்கு நாங்கள் எங்கே உனக்கு ஆயத்தம் செய்ய விருப்பமாக இருக்கிறீர் என்று கேட்டார்கள் அதற்கு அவர் நீங்கள்
/train/B01___07_Matthew_____TAMDIPN1DA_chunk10.wav,247916,அழிவுக்கு போகிற வாசல் அகலமும் வலி விசாலமாக இருக்கிறது அதன் வழியாக பிரவேசிக்கிறார் அநே
/train/B04___12_John________TAMDIPN1DA_chunk7.wav,486604,பண்டிகையில் ஆராதனை செய்ய வந்தவர்களில் கிரேக்கர்கள் சிலர் இருந்தனர் அவர்கள் கலிலேயா நாட்டு பெத்சாயிதா ஊரானாகிய பிலிப்பு என்னிடத்தில் வந்து ஐயா இயேசுவை பார்க்க விரும்புகிறோம் என்று அவனைக் கேட்டுக் கொண்டார்கள்
/train/B04___13_John________TAMDIPN1DA_chunk7.wav,298956,பேதுரு அவரைப் பார்த்து ஆண்டவரே நான் இப்பொழுது உமக்கு பின்னே ஏன் வரக்கூடாது உனக்காக என் ஜீவனையும் கொடுப்பேன் என்ற
/train/B02___08_Mark________TAMDIPN1DA_chunk6.wav,441452,சில சிறிய மீன்களும் அவர்களிடம் இருந்தது அவர் அவைகளையும் ஆசிர்வதித்து அவர்களுக்கு பரிமாறச் சொன்னார் அவர்கள் சாப்பிட்டு திருப்தி ஆனார்கள் மீதியான அப்பங்களை ஏழு கூடை நிறைய எடுத்தார்கள்
/train/B01___06_Matthew_____TAMDIPN1DA_chunk4.wav,307052,நீயோ தர்மம் செய்யும்போது உன் தர்மம் மறைமுகமாக இருப்பதற்கு உன் வலதுகை செய்கிறதை உன் இடதுகை அறியாது இருக்கக் கடவது
/train/B03___04_Luke________TAMDIPN1DA_chunk2.wav,528652,இயேசு பரிசுத்த ஆவியானவரே நிறைந்தவராக யோர்தானை விட்டு திரும்பி பரிசுத்த ஆவியானவரால் வனாந்திர கொண்டு போகப்பட்டு 40 நாட்கள் சாத்தானால் சோதிக்கப்பட்டார் அந்த நாட்களில் அவர் ஒன்றும் சாப்பிடாமல் இருந்த
/train/B03___04_Luke________TAMDIPN1DA_chunk6.wav,336428,பின்பு ஏசு பரிசுத்த ஆவி ஆண்டவருடைய பலத்தினால் கலிலேயாவுக்கு திரும்பிப் போனார் அவரைப் பற்றிய செய்தி சுற்றிலும் இருக்கிற தேசங்கள் எல்லாம் பரவியது
/train/B06___01_Romans______TAMDIPN1DA_chunk29.wav,415628,அவரை தேவன் என்று மகிமைப் படுத்தாம நன்றி சொல்லாமலும் இருந்து தங்களுடைய சிந்தனைகளினால் வீணர் ஆனார்கள் உணர்ச்சி இல்லாத அவர்களுடைய இருதயம் இருள் அடைந்தது
/train/B03___16_Luke________TAMDIPN1DA_chunk6.wav,594508,பின்பு அவன் வேறு ஒருவனை நோக்கி நீ பட்ட கடன் எவ்வளவு என்றான் அவன் 100 மூட்டை கோதுமை என்றான் அப்பொழுது அவன் நீ உன் சீட்டை வாங்கி என்பது என்று எழுது என்றான் அநீதி உள்ள அந்த நிர்வாகி புத்தியாக செய்தான் என்று எஜமான் பார்த்து அவனை மெச்சிக் கொண்டான்
/train/B03___19_Luke________TAMDIPN1DA_chunk4.wav,489196,அவர்கள் இவைகளைக் கேட்டுக் கொண்டிருக்கும் போது அவர் எருசலேமுக்கு அருகில் இருந்த படியினால் தேவனுடைய ராஜ்ஜியம் சீக்கிரமாக வெளிப்படும் என்று அவர்கள் நினைத்த படியினாலே அவர் ஒரு உவமையைச் சொன்னார் பிரபுவாகிய ஒருவன்
/train/B01___26_Matthew_____TAMDIPN1DA_chunk24.wav,570348,சபிக்கவும் சத்தியம் செய்யவும் தொடங்கினான் உடனே சேவல் கூவியது அப்பொழுது பேதுரு சேவல் கூவுகிற அதற்கு முன்னே நீ என்னை மூன்று முறை மறுதலிப்பாய் என்று இயேசு தன்னிடத்தில் சொன்ன வார்த்தையை நினைத்துக் கொண்டு வெளியே போய் மனம் கசந்த அழுதான்
/train/B04___19_John________TAMDIPN1DA_chunk6.wav,426188,இயேசு மறுமொழியாக பரத்திலிருந்து உமக்கு கொடுக்கப்படாமல் இருந்தால் என்மேல் உமக்கு ஒரு அதிகாரம் இருக்காது ஆகவே என்னை உம்மிடம் ஒப்புக் கொடுத்தவனுக்கு அதிக பாவம் உண்டு என்ற
/train/B02___05_Mark________TAMDIPN1DA_chunk2.wav,172140,பின்பு அவர்கள் கடலுக்கு அக்கறையில் உள்ள கதறினர் உடைய நாட்டிற்கு வந்தார்கள்
/train/B03___04_Luke________TAMDIPN1DA_chunk14.wav,317452,பின்பு அவர் ஜெப ஆலயத்தை விட்டு புறப்பட்டு சீமோன் வீட்டிற்கு போனார் அங்கு சீமானுடைய மாமியார் கடும் ஜுரம் படுத்திருந்த
/train/B23___01_1John_______TAMDIPN1DA_chunk16.wav,236300,அவர் ஒளியில் இருக்கிறது போல நாமும் ஒளியிலே நடந்தால் ஒருவரோடு ஒருவர் ஐக்கியம் உள்ளவர்களாக இருப்போம்
/train/B05___25_Acts________TAMDIPN1DA_chunk3.wav,414764,மூன்று நாட்கள் ஆன பின்பு சிசேரியன் இருந்து எருசலேமுக்கு போனான் அப்பொழுது பிரதான ஆசாரியனும் யூதர்களில் முதன்மையானவர்கள் அவனிடத்தில் வந்து பவுலுக்கு விரோதமாக முறையீடு செய்து
/train/B03___01_Luke________TAMDIPN1DA_chunk21.wav,521004,தூபம் காட்டுகிற நேரத்தில் மக்கள் எல்லோரும் கூட்டமாக வெளியிலே ஜெபம் பண்ணிக்கொண்டு இருந்தார்கள் அப்பொழுது கர்த்தருடைய தூதன் ஒருவன் தூப பீடத்தின் வலது பக்கத்தில் நின்று அவனுக்கு தரிசனம் ஆனான் சகரியா அவனைப் பார்த்து
/train/B03___05_Luke________TAMDIPN1DA_chunk2.wav,173676,பின்பு அவர் என்னை சேர்த்து கடலின் அருகே நின்றபோது மக்கள் கூட்ட
/train/B04___07_John________TAMDIPN1DA_chunk10.wav,410572,பின்பு அந்தக் காவலர்கள் பிரதான ஆசாரியர்கள் இடத்திற்கும் பரிசேயர்கள் இடத்திற்கும் திரும்பி வந்தார்கள் இவர்கள் அவர்களைப் பார்த்து நீங்கள் அவனை ஏன் அழைத்து வரவில்லை என்று கேட்டார்கள்
/train/B03___01_Luke________TAMDIPN1DA_chunk5.wav,361548,ஆரம்ப முதல் கண்கூடாக பார்த்து வசனத்தை போதித்தவர்கள் எங்களுக்கு ஒப்புவித்த படியே அவைகளை குறித்து சரித்திரம் எழுத அநேகம் பேர் முயற்சித்தன
/train/B04___18_John________TAMDIPN1DA_chunk9.wav,377740,குளிர்காலமாக இருந்ததினால் அதிகாரிகளும் தகவல்களும் நின்று குளிர் காய்ந்து கொண்டிருந்தார்கள் அவர்களோடு பேதுருவும் நின்று குளிர் காய்ந்து கொண்டிருந்த
/train/B03___07_Luke________TAMDIPN1DA_chunk2.wav,486796,இயேசு தம்முடைய வார்த்தைகளை எல்லாம் மக்கள் கேட்கும்படி சொல்லி முடித்த பின்பு கப்பர் நகும போனார் அங்கே 100 பேர் கொண்ட படைப்பிரிவின் அதிபதி ஒருவனுக்கு பிரியமான வேலைக்காரன் வியாதியால் மரண வேதனைப்பட்டான்
/train/B07___13_1CorinthiansTAMDIPN1DA_chunk6.wav,435724,இப்பொழுது நான் குறைந்த அறிவுள்ளவன் அப்பொழுது நான் அறியப்பட்டு இருக்கிற படியே அறிந்து கொள்ளுவேன் இப்பொழுது விசுவாசம் நம்பிக்கை அன்பு இம்மூன்றும் நிலைத்திருக்கிறது இவைகளில் அன்பே பெரியது
/train/B01___02_Matthew_____TAMDIPN1DA_chunk2.wav,533836,ஏரோது ராஜாவின் நாட்களில் யூதேயாவிலுள்ள பெத்லகேமில் இயேசு பிறந்த பொழுது கிழக்கிலிருந்து சாஸ்திரிகள் எருசலேமுக்கு வந்து யூதர்களுக்கு ராஜாவாக பிறந்து இருக்கிறவர் எங்கே கிழக்கிலே அவருடைய நட்சத்திரத்தைக் கண்டு அவரை தொழுது கொள்ள வந்தோம் என்றார்கள்
/train/B05___21_Acts________TAMDIPN1DA_chunk17.wav,365164,அவர்களிடத்தில் விடைபெற்றுக் கொண்ட பின்பு நாங்கள் கப்பல் ஏறினோம் அவர்கள் தங்களுடைய வீடுகளுக்கு திரும்பிப் போனார்கள் நாங்கள் கப்பல் பயணத்தை முடித்து தீர்வு பட்டணத்தை விட்டு
/train/B04___17_John________TAMDIPN1DA_chunk3.wav,535820,பிதாவே வேலை வந்தது நீர் உம்முடைய குமாரிடம் ஒப்படைக்கப்பட்ட அனைவருக்கும் அவர் நித்திய ஜீவனைக் கொடுக்கும்படி மாம்சமான யாவர் மேலும் நீர் அவருக்கு அதிகாரம் கொடுத்தபடியே உம்முடைய குமாரன் உம்மை மகிமைப் படுத்தும் படி
/train/B01___24_Matthew_____TAMDIPN1DA_chunk10.wav,394924,இவைகளை எல்லாம் நீங்கள் பார்க்கும் பொழுது அவர் நெருக்கமாக வாசலின் அருகே வந்திருக்கிறார் என்று தெரிந்து கொள்ளுங்கள் இவைகள் எல்லாம் சம்பவிக்கும் முன்னே இந்த சந்ததி ஒளிந்து போகா
/train/B01___07_Matthew_____TAMDIPN1DA_chunk11.wav,243212,ஜீவனுக்குப் போகிற வாசல் உருகின வழி நெருக்கமாக இருக்கிறது அதை கண்டுபிடிப்பவர்கள் சில
/train/B06___01_Romans______TAMDIPN1DA_chunk16.wav,539628,நீங்கள் உறுதிப்படுத்த படுவதற்காக ஆவிக்குரிய சில வரங்களை உங்களுக்கு கொடுப்பதற்காகவும் உங்களுக்குள்ளும் எனக்குள்ளும் உள்ள விசுவாசத்தினால் உங்களோடு நானும் ஆறுதல் அடைவதற்கும் உங்களை பார்க்க ஆவலாக இருக்கிறதாலே
/train/B04___08_John________TAMDIPN1DA_chunk2.wav,299628,மறுநாள் காலையில் அவர் திரும்பி தேவாலயத்திற்கு வந்தபோது மக்கள் எல்லோரும் அவரிடத்தில் வந்தார்கள் அவர் உட்கார்ந்து அவர்களுக்கு உபதேசம் செய்தார்
/train/B02___10_Mark________TAMDIPN1DA_chunk3.wav,489068,வேறொரு பெண்ணை திருமணம் செய்தால் அவன் அவளுக்கு விரோதமாக விபச்சாரம் செய்கிறவன் ஆக இருப்பான் மனைவியும் தன் கணவனை விவாகரத்து செய்துவிட்டு வேறு ஒருவனை திருமணம் செய்தால் விபச்சாரம் செய்கிறார்கள் என்ற
/train/B06___01_Romans______TAMDIPN1DA_chunk34.wav,207180,தேவனை தெரிந்துகொள்ளும் அறிவைப் பற்றிக் கொண்டிருக்க அவர்களுக்கு மனமில்லாமல் இருந்தத
/train/B02___14_Mark________TAMDIPN1DA_chunk2.wav,197036,இரண்டு நாட்களுக்குப் பின்பு புளிப்பில்லாத அப்பம் சாப்பிடுகிற பஸ்கா பண்டிகை வந்தது
/train/B03___11_Luke________TAMDIPN1DA_chunk7.wav,163372,பின்பு இயேசு ஊமையாக இருந்தவன் இடத்தில் இருந்த ஒரு பிசாசை துரத்தின
/train/B05___22_Acts________TAMDIPN1DA_chunk6.wav,242828,அதற்கு அவர் நீ போ நான் உன்னை தொலைவில் உள்ள யூதர் அல்லாதவர் இடத்தில் அனுப்புவேன் என்று சொன்னார் என்ற
/train/B05___22_Acts________TAMDIPN1DA_chunk11.wav,441644,நிச்சயமாக அறிய விரும்பி அவன் அடுத்த நாளிலே அவனை விடுவித்து பிரதான ஆசாரியர்களும் ஆலோசனை சங்கத்தினர் அனைவரையும் கூடி வரும்படி ஆணையிட்டு அவனை அழைத்துக்கொண்டு போய் அவர்களுக்கு முன்பாக நிறுத்தினான்
/train/B03___15_Luke________TAMDIPN1DA_chunk11.wav,523308,காணாமல் போன வெள்ளிக் காசை கண்டுபிடித்தேன் என்னோடு கூட மகிழ்ச்சியாக இருங்கள் என்பதால் அல்லவா அதுபோல மனம் திரும்புகிற ஒரே பாதையின் நிமித்தம் தேவனுடைய தூதர்களுக்கு முன்பாக மகிழ்ச்சி உண்டாயிருக்கிறது என்று உங்களுக்குச் சொல்லுகிறேன் என்றார்
/train/B05___13_Acts________TAMDIPN1DA_chunk2.wav,178508,அந்தியோகியா பட்டணத்தில் உள்ள சபையிலே வர்ண பாபும் நீகர் எனப்பட்ட சிபியோ
/train/B01___27_Matthew_____TAMDIPN1DA_chunk9.wav,299628,அப்பொழுது அவன் பரப ஆசைகளுக்கு விடுதலையாக்கி இயேசுவையும் சாட்டையால் அடித்து சிலுவையில் வரைவதற்கு ஒப்புக் கொடு
/train/B03___24_Luke________TAMDIPN1DA_chunk12.wav,231980,பின்பு அவர் பெத்தானியா வரைக்கும் அவர்களை அழைத்துக் கொண்டு போய் தம்முடைய கரங்களை உயர்த்தி அவர்களை ஆசிர்வதித்த
/train/B04___21_John________TAMDIPN1DA_chunk16.wav,367244,இயேசு செய்த வேறு அநேக காரியங்களும் உண்டு அவைகளை ஒவ்வொன்றாக எழுதினால் எழுதப்படும் புத்தகங்கள் உலகம் கொள்ளாது என்று நினைக்கிறேன் ஆமென்
/train/B05___28_Acts________TAMDIPN1DA_chunk5.wav,175052,உப்பிலிய என்னும் பெயர் கொண்ட அவனுடைய நிலங்கள் அந்த இடத்திற்கு அருகில் இருந்தது
/train/B04___17_John________TAMDIPN1DA_chunk4.wav,331852,நீர் உன்னுடைய குமாரனை மகிமைப்படுத்தும் ஒன்றான உண்மை தேவனாகிய உண்மையும் நீர் அனுப்பியவர் ஆகிய இயேசு கிறிஸ்துவையும் அறிவதே நித்திய ஜீ
/train/B04___18_John________TAMDIPN1DA_chunk4.wav,311372,அப்பொழுது இயேசு பேதுருவை பார்த்து உன் வாளை உரையிலே போடு பிதா எனக்கு கொடுத்த பாத்திரத்தில் நான் குடிக்காது இருப்பேனோ என்ற
/train/B03___05_Luke________TAMDIPN1DA_chunk6.wav,357484,கூட்டாளிகள் வந்து தங்களுக்கு உதவி செய்ய வேண்டும் என்று அவர்களுக்கு சைகை காட்டினார்கள் அவர்கள் வந்து இரண்டு படகுகளும் அமிழ்து போகும் அளவிற்கு நிரப்பினார்கள்
/train/B05___14_Acts________TAMDIPN1DA_chunk13.wav,198796,கடந்த காலங்களில் அவர் எல்லா மக்களையும் தங்கள் தங்கள் வழிகளிலே நடக்க வைத்திருந்த
/train/B03___06_Luke________TAMDIPN1DA_chunk39.wav,602092,நெருஞ்சி செடியில் திராட்சை பழங்களை பறிக்கிறது இல்லை நல்ல மனிதன் தன் இருதயமாக நல்ல பொக்கிஷத்திலிருந்து நல்லதை எடுத்துக் காட்டுகிறான் பொல்லாத மனிதன் தன் இருதயம் ஆகிய பொல்லாத பொக்கிஷத்தில் இருந்து பொல்லாதது எடுத்துக் காட்டுகிறான் இருதயத்தின் நிறைவினால் அவனவனுடைய வாய் பேசும்
/train/B03___17_Luke________TAMDIPN1DA_chunk12.wav,456748,நோவாவின் நாட்களில் நடந்தது போல மனித குமாரனுடைய நாட்களிலும் நடக்கும் நோவா பேழைக்குள் பிரவேசித்த நாள் வரை மக்கள் புசித்துக் குடித்தார்கள் பெண் எடுத்தும் பெண் கொடுத்தும் இருந்தார்கள் பெருவெள்ளம் வந்து
/train/B06___01_Romans______TAMDIPN1DA_chunk14.wav,380652,உங்களுடைய விசுவாசம் உலகமெங்கும் பிரசித்தமான படியினாலே முதலாவது நான் உங்கள் எல்லோருக்காகவும் இயேசு கிறிஸ்து மூலமாக என் தேவனுக்கு நன்றி செலுத்துகிறேன்
/train/B02___09_Mark________TAMDIPN1DA_chunk1.wav,391372,இயேசு அவர்களைப் பார்த்து இங்கே நிற்கிறேன் சிலர் தேவனுடைய ராஜ்ஜியம் பலத்தோடு வருவதை பார்ப்பதற்கு முன்பு மரிப்பதில்லை என்று உண்மையாகவே உங்களுக்குச் சொல்லுகிறேன் என்றார்
/train/B03___12_Luke________TAMDIPN1DA_chunk15.wav,284812,பின்பு அவர் மக்களை நோக்கி மேற்கே மேகம் எழும்புகிறது நீங்கள் காணும்போது மழை வரும் என்று சொல்லுகிறீர்கள் அப்படியே நடக்கும்
/train/B03___17_Luke________TAMDIPN1DA_chunk11.wav,250604,அதற்கு முன்பு அவர் அனேகம் பாடுகள் பட்டு இந்த சந்ததியினர் ஆகாதவன் என்று தள்ளப்பட வேண்டியதாக இருக்கிறது
/train/B02___12_Mark________TAMDIPN1DA_chunk17.wav,586828,இயேசு காணிக்கை பெட்டுக்கு எதிராக உட்கார்ந்து மக்கள் காணிக்கை பெட்டியில் பணம் போடுகிறது பார்த்துக் கொண்டிருந்தார் செல்வந்தர்கள் அநேகர் அதிகமாக போட்டார்கள் ஏழையான ஒரு விதவையும் வந்து ஒரு நாணய மதிப்பிற்கு சரியான இரண்டு காசுகளை போட்ட
/train/B03___07_Luke________TAMDIPN1DA_chunk10.wav,420428,வேறொருவர் வர நாங்கள் காத்திருக்க வேண்டுமா என்று கேளுங்கள் என்று சொல்லி அனுப்பினான் அப்படியே அவர்கள் இயேசுவிடம் வந்து வருகிறவர் நீர் தானா அல்லது வேறு ஒருவர் வர நாங்கள் காத்திருக்க வேண்டுமா
/train/B03___06_Luke________TAMDIPN1DA_chunk30.wav,563756,அதிகமாக இருக்கும் உன்னதமான தேவனுக்கு நீங்கள் பிள்ளைகளாக இருப்பீர்கள் அவர் நன்றி அறியாதவர்களுக்கும் துரோகிகளுக்கும் நன்மை செய்கிறாரே எனவே உங்களுடைய பிதா இரக்கம் உள்ளவராக இருப்பது போல நீங்களும் இரக்கம் உள்ளவர்களாக இருங்கள்
/train/B03___01_Luke________TAMDIPN1DA_chunk9.wav,271308,நீ அறிய வேண்டும் என்று அவைகளை சரியாக ஒழுங்குபடுத்தி உமக்கு எழுதுவது எனக்கு நல்லதாக தோன்றிய
/train/B01___07_Matthew_____TAMDIPN1DA_chunk2.wav,193932,நீங்கள் குற்றவாளிகள் என்று தீர்க்கப்படாத படிக்கு மற்றவர்களை குற்றவாளிகள் என்று தீர்க்காமல் இருங்கள்
/train/B02___13_Mark________TAMDIPN1DA_chunk2.wav,439980,இயேசு தேவாலயத்தை விட்டு புறப்படும் போது அவருடைய சீடர்களில் ஒருவன் அவரைப் பார்த்து போதகரே இதோ இந்த கற்கள் எப்படிப்பட்டது இந்த கட்டிடங்கள் எப்படிப்பட்டது பாரும் என்ற
/train/B03___05_Luke________TAMDIPN1DA_chunk23.wav,207180,ஒருவனும் புதிய ஆடையின் துண்டை பழைய ஆடையோடு வைத்து இணைக்க மாட்டான் இணைத்தால்
/train/B01___24_Matthew_____TAMDIPN1DA_chunk11.wav,221772,என்று உண்மையாகவே உங்களுக்குச் சொல்லுகிறேன் வானமும் பூமியும் ஒழிந்துபோம் என் வார்த்தைகளோ ஒளிந்து போவதில்லை
/train/B03___06_Luke________TAMDIPN1DA_chunk26.wav,182540,என் வார்த்தைகளைக் கேட்கிற உங்களுக்கு நான் சொல்லுகிறேன் உங்களுடைய பகைவர்களை நேசியுங்கள்
/train/B03___06_Luke________TAMDIPN1DA_chunk15.wav,445100,மத்தேயு தோமா அல்பேயுவின் குமாரனாகிய யாக்கோபு செல்வோம் எனப்பட்ட சீமோன் யாக்கோபின் சகோதரனாகிய யூதா துரோகியான யூதாஸ் காரியோத் என்பவர்களே
/train/B04___21_John________TAMDIPN1DA_chunk10.wav,443916,என்னை நேசிக்கிறாயா என்று அவர் மூன்றாவது முறை தன்னை கேட்டதினால் பேதுரு துக்கப்பட்டு ஆண்டவரே இது எல்லாவற்றையும் அறிந்திருக்கிறேன் நான் உம்மை நேசிக்கிறேன் என்பதையும் நீர் அறிவீர் என்றான்
/train/B02___04_Mark________TAMDIPN1DA_chunk7.wav,409740,இன்னும் அவர் அவர்களைப் பார்த்து நீங்கள் கேட்கிறதே கவனியுங்கள் எந்த அளவினால் அளக்கிறீர்களோ அந்த அளவினால் உங்களுக்கும் அளக்கப்படும் கேட்கிற உங்களுக்கு அதிகம் கொடுக்கப்படும்
/train/B05___27_Acts________TAMDIPN1DA_chunk5.wav,419852,அவன் தன் நண்பர்களிடத்தில் போய் உபசரிக்க படும் படிக்கு உத்தரவு கொடுத்தான் அந்த இடத்தை விட்டு நாங்கள் புறப்பட்டு எதிர் காற்றாய் இருந்தபடியால் தீர்வு தீவின் ஓரமாக பயணம் செய்தோம் பின்பு
/train/B05___25_Acts________TAMDIPN1DA_chunk5.wav,345900,அப்பொழுது பேஸ்புக் தன் ஆலோசனை காரர்கள் உடனே ஆலோசித்து நீராய் இருக்கு மேல் முறையீடு செய்தாயே ராயர் இடத்திற்கு போகக் கடவாய் என்று பதில் சொன்னான்
/train/B03___05_Luke________TAMDIPN1DA_chunk20.wav,341452,பரிசேயர்கள் உடைய சீடர்களும் அப்படியே செய்கிறார்கள் உம்முடைய சீடர்கள் சாப்பிடவும் முடிக்கவும் செய்கிறார்களே அது எப்படி என்று கேட்டார்கள்
/train/B03___09_Luke________TAMDIPN1DA_chunk19.wav,631020,அவர்களில் ஒருவன் சத்தமிட்டு போதகரே என் மகனுக்கு உதவி செய்ய வேண்டும் என்று உம்மை வேண்டிக்கொள்ளுகிறேன் அவன் எனக்கு ஒரே பிள்ளையாக இருக்கிறான் சில நேரங்களில் ஒரு அசுத்த ஆவி அவனை அழைக்க அளிப்பதனால் அவன் அலறி வாயில் நுரை தள்ளுகிறான் அது அவனை காயப்படுத்தி அதிக போராட்டத்திற்குப் பின்பு அவரை விட்டு நீங்குகிறது
/train/B23___01_1John_______TAMDIPN1DA_chunk14.wav,359500,அவரிடம் கொஞ்சம் கூட இருள் இல்லை இது நாங்கள் அவரிடத்தில் கேட்டு உங்களுக்கு அறிவிக்கிற செய்தியாக இருக்கிறது நாம் அவரோடு ஐக்கியம் உள்ளவர்கள் என்று சொல்ல
/train/B04___18_John________TAMDIPN1DA_chunk18.wav,362188,பிலாத்து மறுமொழியாக நான் யூதனாக உன் மக்களும் பிரதான ஆசாரியர்களும் உன்னை என்னிடத்தில் ஒப்புக் கொடுத்தார்கள் நீ என்ன செய்தாய் என்ற
/train/B05___16_Acts________TAMDIPN1DA_chunk2.wav,579052,அதன் பின்பு அவன் தர்பை லிஸ்ட் தீரா விற்கும் போனான் அங்கே திமோத்தேயு எனப்பட்ட ஒரு சீடன் இருந்தான் அவன் தாய் விசுவாசம் உள்ள யூதப் பெண் அவன் தகப்பன் கிரேக்க அவன் இப்போ நீ யாவிலும் உள்ள சகோதரர்களால் நற்சாட்சி பெற்றவனாக இருந்தான்
/train/B03___06_Luke________TAMDIPN1DA_chunk5.wav,162668,இயேசு அவர்களுக்கு மறுமொழியாக தாவீதும் அவனோடு கூட இருந்தவர்களும்
/train/B05___27_Acts________TAMDIPN1DA_chunk2.wav,345548,நாங்கள் இத்தாலியா தேசத்திற்கு கப்பல் ஏறி போகும்படி தீர்மானிக்கப்பட்ட போது அவளையும் காவலில் வைக்கப்பட்டிருந்த வேறு சிலரையும் அகஸ்து படையை சேர்ந்த
/train/B03___06_Luke________TAMDIPN1DA_chunk2.wav,443820,பஸ்கா பண்டிகையின் இரண்டாம் நாளைக்கு பின் வந்த முதலாம் ஓய்வு நாளிலே இயேசு வயல் வெளியில் நடந்து போகும்போது அவருடைய சீடர்கள் கதிர்களைக் கொய்து கைகளினால் நிமிர்த்தி தின்றார்கள்
/train/B03___20_Luke________TAMDIPN1DA_chunk12.wav,488364,ஜீவ உள்ளோரின் தேவனாக இருக்கிறார் எல்லோரும் அவருக்குள் பிழைத்து இருக்கிறார்களே என்றார் அப்பொழுது வேத பண்டிதர்கள் சிலர் அதைக் கேட்டு போதகரே நன்றாக சொன்னீர் என்றார்கள் அதன் பின்பு அவர்கள் அவரிடத்தில் வேறொன்றும் கேட்கத் துணியவில்லை
/train/B02___06_Mark________TAMDIPN1DA_chunk10.wav,301964,அப்பொழுது அப்போஸ்தலர்கள் இயேசுவிடம் கூடி வந்து தாங்கள் செய்தவைகள் போதித்தவை எல்லாவற்றையும் அவருக்கு அறிவித்தார்கள்
/train/B04___18_John________TAMDIPN1DA_chunk16.wav,275180,அவர்கள் தாய்ப்பால் இடத்திலிருந்து இயேசுவை தேசாதிபதியின் அரண்மனைக்கு கொண்டு போனார்கள் அப்பொழுது விடியற்காலம் ஆக இருந்தது
/train/B04___05_John________TAMDIPN1DA_chunk5.wav,195948,அந்த மனிதன் போய் தன்னை சுகமாக்கினார் இயேசு என்று யூதர்களுக்கு அறிவித்தான்
/train/B01___20_Matthew_____TAMDIPN1DA_chunk3.wav,256012,வேலையாட்களுடன் நாளொன்றுக்கு ஒரு வெள்ளிக்காசு கூலி பேசி அவர்களை தன் திராட்சைத் தோட்டத்திற்கு அனுப்ப
/train/B05___21_Acts________TAMDIPN1DA_chunk28.wav,312620,அப்பொழுது நகரம் முழுவதும் கலக்கம் உண்டானது மக்கள் கூட்டமாக ஓடி வந்து பவுலைப் பிடித்து அவனை தேவாலயத்திற்கு வெளியே இழுத்துக்கொண்டு போனார்கள்
/train/B03___06_Luke________TAMDIPN1DA_chunk11.wav,272652,வரிசைகளும் அவரிடத்தில் குற்றம் கண்டுபிடிக்கும்படி ஓய்வு நாளில் சுகமாக்குமையா
/train/B02___16_Mark________TAMDIPN1DA_chunk6.wav,264588,இவ்விதமாக கர்த்தர் அவர்களோடு பேசின பின்பு பரலோகத்துக்கு எடுத்துக் கொள்ளப்பட்டு தேவனுடைய வலது பக்கத்தில் உட்கார்ந்த
/train/B03___16_Luke________TAMDIPN1DA_chunk5.wav,328972,அவன் 100 குடம் என்ன என்றான் அப்பொழுது நிர்வாகி அவனை நோக்கி நீ உன் சீட்டை வாங்கி உட்கார்ந்து 50 என்று சீக்கிரமாக எழுது என்ற
/train/B04___17_John________TAMDIPN1DA_chunk2.wav,161932,இயேசு இவைகளை சொன்ன பின்பு நம்முடைய கண்களை வானத்திற்கு ஏறெடுத்து
/train/B03___08_Luke________TAMDIPN1DA_chunk13.wav,477708,அவர் அவர்களை நோக்கி உங்களுடைய விசுவாசம் எங்கே என்றார் அவர்கள் பயந்து ஆச்சரியப்பட்டு இவர் யாரோ காற்றுக்கும் கடலுக்கும் கட்டளை இடுகிறார் அவைகளும் இவருக்கு கீழ் படிக்கிறதே என்று ஒருவரோடு ஒருவர் சொல்லிக் கொண்டார்கள்
/train/B01___24_Matthew_____TAMDIPN1DA_chunk2.wav,300780,இயேசு தேவாலயத்தை விட்டு புறப்பட்டு போகும்போது அவருடைய சீடர்கள் தேவாலயத்தின் கட்டிடங்களை அவருக்கு காண்பிக்க அவரிடத்தில் வந்தார்கள்
/train/B04___09_John________TAMDIPN1DA_chunk8.wav,606028,இயேசு சேர் உண்டாக்கி அவன் கண்களை திறந்த நாள் ஓய்வு நாளாக இருந்தது ஆகவே பரிசேயர்களும் அவனைப் பார்த்து நீ எப்படி பார்வை அடைந்தாய் என்று மீண்டும் கேட்டார்கள் அதற்கு அவன் அவர் என் கண்களின் மேல் சேற்றை பூசினார் நான் தழுவினேன் பார்க்கிறேன் என்ற
/train/B04___10_John________TAMDIPN1DA_chunk5.wav,191244,தெரியாதவர்கள் உடைய சத்தத்தை அறியாத படியினால் அவைகள் தெரியாதவனுக்கு பின்னே செல்லாமல்
/train/B01___01_Matthew_____TAMDIPN1DA_chunk5.wav,518732,பாரிஸ் எஸ் ரோமை பெற்றான் எஸ் ரோம் ஆறாமை பெற்றான் ஆறாம் அபிநயாவை பெற்றான் அபிராம் நகசு பெற்றான் நகசோன் சல்மானை பெற்றான் சல்மான் போவார்கள் இடத்தில் பெற்றான் போவாஸ் ஓவியத்தை ரூத்தின் இடத்தில் பெற்ற
/train/B05___07_Acts________TAMDIPN1DA_chunk5.wav,323020,இஸ்ரவேல் மக்களை நோக்கி உங்களுடைய தேவனாகிய கர்த்தர் உங்களுடைய சகோதரர்களில் இருந்து என்னைப் போல ஒரு தீர்க்கதரிசியை உங்களுக்காக ஏற்படுத்துவார்
/train/B01___18_Matthew_____TAMDIPN1DA_chunk7.wav,195116,மகிழ்ச்சியாக இருக்கிறதை விட அந்த ஒன்றை குறித்து அதிக மகிழ்ச்சியாக இருப்பான் என்று
/train/B01___24_Matthew_____TAMDIPN1DA_chunk5.wav,501932,யுத்தங்களின் செய்திகளையும் கேள்வி படுவீர்கள் கலங்காத படி எச்சரிக்கையாக இருங்கள் இவைகள் எல்லாம் நடக்க வேண்டியதே ஆனாலும் முடிவு உடனே வராது மக்களுக்கு விரோதமாக மக்களும் ராஜ்ஜியத்திற்கு விரோதமாக ராஜ்ஜியமும் எழும்ப
/train/B03___09_Luke________TAMDIPN1DA_chunk21.wav,223180,அது அவர்களுக்கு மறைபொருளாக இருந்தது அந்த வார்த்தையை குறித்து அவரிடத்தில் விசாரிக்கவும் அவர்கள் பயந்தார்கள்
/train/B06___02_Romans______TAMDIPN1DA_chunk13.wav,203180,திருடலாமா விபச்சாரம் செய்யக்கூடாது என்று சொல்லுகிற நீ விபசாரம் செய்யலாமா
/train/B01___20_Matthew_____TAMDIPN1DA_chunk6.wav,208812,மறுபடியும் நண்பகல் பன்னிரண்டு மணிக்கும் 3:00 மணிக்கும் அவன் போய் அப்படியே செய்த
/train/B04___01_John________TAMDIPN1DA_chunk10.wav,235180,அவர்கள் அவனைப் பார்த்து நீ கிறிஸ்துவும் இல்லை எலியாவும் இல்லை தீர்க்கதரிசி யானும் இல்லை என்றால்
/train/B04___08_John________TAMDIPN1DA_chunk12.wav,625612,என்னிடத்தில் பாவம் உண்டென்று உங்களில் யார் என்னை குற்றப்படுத்த முடியும் நான் சத்தியத்தை சொல்லி இருந்தும் நீங்கள் ஏன் என்னை விசுவாசிக்க வில்லை தேவனால் உண்டானவன் தேவனுடைய வசனங்களுக்கு செவி கொடுக்கிறான் நீங்கள் தேவனால் உண்டாகாத இதனால் செவி கொடுக்காமல் இருக்கிறீர்கள் என்ற
/train/B03___01_Luke________TAMDIPN1DA_chunk19.wav,181004,எலிசபெத்து மலடியாக இருந்தபடியால் அவர்களுக்கு பிள்ளை இல்லாதிருந்த
/train/B04___17_John________TAMDIPN1DA_chunk5.wav,571980,பூமியிலே நான் உம்மை மகிமைப் படுத்தினேன் நான் செய்யும்படி நீர் எனக்கு கொடுத்த செயல்களை செய்து முடித்தேன் பிதாவே உலகம் உண்டாகிறது முன்னே உம்மிடத்தில் எனக்கு உண்டாயிருந்த மகிமையினால் இப்பொழுது நீர் என்னை உம்மிடத்தில் மகிமைப்படுத்தும்
/train/B05___10_Acts________TAMDIPN1DA_chunk9.wav,553388,பேதுரு அந்த தரிசனத்தை குறித்து யோசனை செய்து கொண்டிருக்கும்போது ஆவியானவர் இதோ மூன்று மனிதர்கள் உன்னை தேடுகிறார்கள் நீ எழுந்து இறங்கி எதை குறித்தும் சந்தேகப்படாமல் அவர்களோடு போ நானே அவர்களை அனுப்பினேன் என்று அவனுக்குச் சொன்ன
/train/B04___14_John________TAMDIPN1DA_chunk2.wav,174540,உங்களுடைய இருதயம் கலங்காமல் இருப்பதாக தேவனிடத்தில் விசுவாசமாக இருங்கள்
/train/B03___03_Luke________TAMDIPN1DA_chunk15.wav,230444,லேவி மெல்கி இன் குமாரன் மில்கி அண்ணாவின் குமாரன் என்னா யோசேப்பின் குமா
/train/B05___21_Acts________TAMDIPN1DA_chunk15.wav,214444,அவர்கள் எல்லோரும் மனைவி மற்றும் பிள்ளைகளோடு பட்டணத்திற்கு வெளியே எங்களை வழி அனுப்ப வந்தார்கள்
/train/B01___27_Matthew_____TAMDIPN1DA_chunk6.wav,635436,அவர் மேல் குற்றம் சாட்டும் போது அவர் பதில் ஒன்றும் சொல்லவில்லை அப்பொழுது பிலாத்து அவரை பார்த்து இவர்கள் உன்மேல் எத்தனையோ குற்றங்களை சுமத்துகிறார்கள் நீ அவைகளை கேட்கவில்லையா என்றான் அவரோ ஒரு வார்த்தையும் பதில் சொல்லவில்லை அதனால் தேசாதிபதி மிகவும் ஆச்சரியப்பட்ட
/train/B01___01_Matthew_____TAMDIPN1DA_chunk4.wav,332172,ஈசாக்கு யாக்கோபைப் பெற்றான் யாக்கோபு யூதா அவையும் அவனுடைய சகோதரர்களையும் பெற்றான் யூதா பாறையை செய்யும் சாராவளி
/train/B06___01_Romans______TAMDIPN1DA_chunk19.wav,226284,ஆனாலும் இதுவரைக்கும் எனக்கு தடை உண்டானது என்று நீங்கள் அறியாமல் இருக்க எனக்கு மனமில்லை
/train/B04___19_John________TAMDIPN1DA_chunk3.wav,298380,இயேசுவைப் பிடித்து சாட்டையால் அடிக்கச் செய்தான் படைவீரர்கள் முள்ளு களினால் ஒரு முள் கிரீடத்தை பின்னி அவர் தலையின் மேல் வைத்து
/train/B02___12_Mark________TAMDIPN1DA_chunk11.wav,420492,வேத பண்டிதர்களின் ஒருவன் அவர்கள் வாக்குவாதம் பண்ணுகிறது கேட்டு அவர்களுக்கு நன்றாக பதில் சொன்னார் என்று அறிந்து அவரிடம் வந்து கட்டளைகளில் எல்லாம் பிரதான கட்டளை எது என்று கேட்ட
/train/B06___01_Romans______TAMDIPN1DA_chunk36.wav,252396,அவர்கள் எல்லா விதமான அநியாயத்தின் நாளும் வேசித்தனம் துரோகத்தாலும் பொருள் ஆசையினாலும்
/train/B03___22_Luke________TAMDIPN1DA_chunk12.wav,452588,பின்பு அவர் அப்பத்தை எடுத்து ஸ்தோத்திரம் செய்து அதைப் பிட்டு அவர்களுக்குக் கொடுத்து இது உங்களுக்காகக் கொடுக்கப்படுகிற என்னுடைய சரீரமாக இருக்கிறது என்னை நினைவு கூறும் படி இதை செய்யுங்கள் என்றார்
/train/B03___22_Luke________TAMDIPN1DA_chunk3.wav,418892,அப்பொழுது பிரதான ஆசாரியர்களும் வேத பண்டிதர்களும் அவரைக் கொலை செய்யும்படி யோசித்து மக்களுக்கு பயந்த படியினால் எவ்விதமாக இதை செய்யலாம் என்று வகை தேடினார்கள் அப்பொழுது 12 பேரில் ஒருவன் ஆகிய
/train/B05___15_Acts________TAMDIPN1DA_chunk2.wav,455148,சில யூதேயாவில் இருந்து வந்து நீங்கள் மோசேயின் உடைய கட்டளையின்படி விருத்தசேதனம் பண்ண படாவிட்டால் இரட்சிக்கப்பட மாட்டீர்கள் என்று சகோதரர்களுக்கு போதகம் பண்ணினார்கள் அதனால் அவர்களுக்கும்
/train/B23___01_1John_______TAMDIPN1DA_chunk9.wav,345548,நாங்கள் பார்த்தும் கேட்டும் இருக்கிறதை உங்களுக்கும் அறிவிக்கிறோம் எங்களுடைய ஐக்கியம் பிதாவோடும் அவருடைய குமாரனாகிய இயேசு கிறிஸ்து ஓடும் இருக்கிறது
/train/B06___01_Romans______TAMDIPN1DA_chunk15.wav,432844,நான் ஜெபம் பண்ணும் போதெல்லாம் இடைவிடாமல் உங்களை நினைத்துக் கொண்டிருக்கிறது குறித்து தேவ குமாரனுடைய நற்செய்தி நாளே என் ஆவியோடு நான் வணங்குகிற தேவன் எனக்கு சாட்சியாக இருக்கிறார்
/train/B05___13_Acts________TAMDIPN1DA_chunk4.wav,242092,கால்பந்து தேசத்தின் அதிபதியாகிய ஏரோது வளர்க்கப்பட்ட மனாய் எனும் சவுலும் தீர்க்கதரிசிகள் ஆகும்
/train/B02___08_Mark________TAMDIPN1DA_chunk17.wav,232652,பின்பு இயேசுவும் அவருடைய சீடர்களும் புறப்பட்டு பிலிப்பு செசரியா நாட்டை சேர்ந்த கிராமங்களுக்கு போனார்கள்
/train/B01___13_Matthew_____TAMDIPN1DA_chunk2.wav,260780,இயேசு அன்றைய தினமே வீட்டிலிருந்து புறப்பட்டு போய் கடலோரத்தில் உட்கார்ந்தார் திரளான மக்கள் அவரிடத்தில்
/train/B04___12_John________TAMDIPN1DA_chunk2.wav,589964,பஸ்கா பண்டிகை வருவதற்கு ஆறு நாட்களுக்கு முன்னே இயேசு தாம் மரணத்திலிருந்து உயிரோடு எழுப்பின லாசரு இருந்த பெத்தானியா வந்தார் அங்கே அவருக்கு இரவு விருந்து கொடுத்தார்கள் மார்த்தாள் பணிவிடை செய்தால் நாசரும் அவருடனே வந்து இருந்தவர்கள் ஒருவனாக இருந்த
/train/B03___06_Luke________TAMDIPN1DA_chunk32.wav,240908,மற்றவர்களை குற்றவாளிகள் என்று சொல்லாதீர்கள் அப்பொழுது நீங்களும் குற்றவாளிகள் என்று சொல்லப்படாமல் இருப்பீர்கள்
/train/B04___10_John________TAMDIPN1DA_chunk9.wav,503436,அவர்களில் அநேகர் இவன் பிசாசு பிடித்தவன் பைத்தியக்காரன் ஏன் இவனுக்கு செவி கொடுக்கிறீர்கள் என்றார்கள் வேறு சிலர் இவைகள் பிசாசு பிடித்து வசனங்கள் இல்லை குருடர் உடைய கண்களை பிசாசு பிறக்க கூடுமா என்றார்கள்
/train/B05___17_Acts________TAMDIPN1DA_chunk9.wav,421804,பவுலை கூட்டி சென்றவர்கள் அவனை பட்டனை வரைக்கும் கூட்டிக் கொண்டு போனார்கள் அங்கே பவுல் சீலா வையும் திமோர் தீவையும் சீக்கிரமாக என்னிடம் வரச் சொல்லுங்கள் என்று அவர்களுக்குச் சொல்லி அனுப்பினான்
/train/B05___20_Acts________TAMDIPN1DA_chunk8.wav,467468,பவுல் ஆசோ பட்டணம் வரைக்கும் தரை வழியாக போக திட்டமிட்டிருந்தான் நாங்கள் கப்பல் ஏறி பவுலுக்கு முன்னதாகவே ஆசை பட்டணத்திற்கு சென்றோம் அங்கிருந்து நம்மை கப்பலில் ஏற்றிச் செல்ல வேண்டும் என்று அவன் திட்டம் செய்திருந்தார்
/train/B03___01_Luke________TAMDIPN1DA_chunk39.wav,394924,எலிசபெத்திற்கு பிரசவ நேரம் வந்தபோது அவள் ஒரு ஆண் குழந்தையைப் பெற்றெடுத்தாள் கர்த்தர் அவள் மேல் எவ்வளவு இரக்கமாக இருந்தார் என்று அவள் அருகில் வசிப்பவர்களும்
/train/B05___21_Acts________TAMDIPN1DA_chunk23.wav,168524,நாங்கள் எருசலேமுக்கு வந்தபோது சகோதரர்கள் எங்களை சந்தோஷமாக வரவேற்றார்கள்
/train/B05___27_Acts________TAMDIPN1DA_chunk8.wav,521804,ஆபத்தாக இருக்கும் என்று பவுல் அவர்களை நோக்கி மனிதர்களே இந்த பயணத்தினால் பொருட்களுக்கும் கப்பலுக்கும் மாத்திரமல்ல நம்முடைய உயிருக்கும் வருத்தமும் மிகுந்த சேதமும் உண்டாயிருக்கும் என்று காண்கிறேன் என்று சொல்லி அவர்களை எச்சரித்தான்
/train/B02___08_Mark________TAMDIPN1DA_chunk19.wav,298508,பேதுரு மறுமொழியாக நீர் கிறிஸ்து என்றால் அப்பொழுது தம்மை குறித்து ஒருவருக்கும் சொல்ல வேண்டாம் என்று அவர்களுக்கு உறுதியாகக் கட்டளையிட்டார்
/train/B23___01_1John_______TAMDIPN1DA_chunk15.wav,196908,இருளிலே நடக்கிறவர்கள் ஆக இருந்தால் சத்தியத்தின்படி நடக்காமல் பொய் சொல்லுகிறாய் இருப்போம்
/train/B23___01_1John_______TAMDIPN1DA_chunk4.wav,219308,நாங்கள் ஏரெடுத்து பார்த்ததும் எங்களுடைய கைகளினாலே தொட்டதும் ஆக இருக்கிற ஜீவ வார்த்தை குறித்து
/train/B01___27_Matthew_____TAMDIPN1DA_chunk15.wav,475948,நண்பகல் 12 மணி முதல் மதியம் மூன்று மணி வரைக்கும் பூமி எங்கும் அந்தகாரம் உண்டானது மூன்று மணி அளவில் இயேசு ஏலி ஏலி லாமா சபக்தானி என்று மிகுந்த சத்தமிட்டுக் கூப்பிட்டார்
/train/B03___17_Luke________TAMDIPN1DA_chunk4.wav,617644,கர்த்தரை நோக்கி எங்களுடைய விசுவாசத்தை பெருக பண்ண வேண்டும் என்றார்கள் அதற்கு கர்த்தர் கடுகு விதை அளவு விசுவாசம் உங்களுக்கு உண்டாய் இருந்தால் நீங்கள் இந்த காட்டாத்தி மரத்தை நோக்கி நீ வேரோடு பிடுங்கி கொண்டு கடலிலே நடைபெற்று வாயாக என்று சொல்ல அது உங்களுக்கு கீழ்படியும்
/train/B05___13_Acts________TAMDIPN1DA_chunk17.wav,550316,அதற்குப் பின்பு மக்கள் தங்களுக்கு ஒரு ராஜா வேண்டும் என்று கேட்டுக் கொண்டார்கள் அப்படியே தேவன் பென்யமின் கோத்திரத்தை சேர்ந்த ஈசனுடைய மகனான சவுலை 40 வருடங்களாக அவர்களுக்கு கொடுத்தார் பின்பு தேவன் சவுலை தள்ள
/train/B03___13_Luke________TAMDIPN1DA_chunk7.wav,468364,ஒரு ஓய்வு நாளில் அவர் ஜெப ஆலயத்தில் போதகம் பண்ணிக்கொண்டு இருந்தார் அப்பொழுது 18 வருடங்களாக பலவீனப்படுத்தும் ஆவியை கொண்ட ஒரு பெண் அங்கே இருந்தாள் அவள் எவ்வளவு நிமிர கூடாத கூலியாக இருந்த
/train/B03___01_Luke________TAMDIPN1DA_chunk34.wav,240492,எலிசபெத்து மரியாளுடைய வாழ்த்துக்களை கேட்டபொழுது அவளுடைய கர்ப்பத்தில் இருந்த குழந்தை துள்ளி
/train/B05___20_Acts________TAMDIPN1DA_chunk2.wav,485132,கலகம் முடிந்த பின்பு பவுல் சீடர்களை தன் இடத்திற்கு வரவழைத்து உற்சாகப்படுத்தி மகிழ விற்கு புறப்பட்டுப் போனான் அவன் அந்தப் பகுதிகளுக்குச் சென்று சீடர்களுக்கு புத்திசொல்லி உற்சாகப்படுத்தி கிரேக்க தேசத்திற்கு சென்றான்
/train/B05___03_Acts________TAMDIPN1DA_chunk2.wav,391180,ஒரு நாள் ஜெப வேளை ஆகிய பிற்பகல் 3 மணி அளவில் பேதுருவும் யோவானும் ஆலயத்திற்கு போனார்கள் அப்பொழுது பிறவிலேயே சப்பாணியாக பிறந்த ஒரு மனிதனை சுமந்து கொண்டு வந்தார்கள்
/train/B04___18_John________TAMDIPN1DA_chunk12.wav,609420,இயேசு அவனைப் பார்த்து நான் பேசியது தவறாக இருந்தால் எது தவறு என்று காட்டு நான் பேசியது சரி ஆனால் என்னை ஏன் அடிக்கிறாய் என்றார் பின்பு அண்ணா என்பவன் பிரதான ஆசாரியனாகிய தாய்ப்பால் இடத்திற்கு அவரை கட்டப்பட்டதாக அனுப்பின
/train/B03___12_Luke________TAMDIPN1DA_chunk6.wav,593260,அப்பொழுது மக்கள் கூட்டத்தில் இருந்து ஒருவன் அவரை நோக்கி போதகரே என் தகப்பனுடைய சொத்தை பாகம் பிரித்து என்னுடைய பங்கை எனக்கு தரும்படி என் சகோதரனுக்கு கட்டளையிட வேண்டும் என்று கேட்டுக் கொண்டான் அதற்கு அவர் மனிதனே என்னை உங்களுக்கு நியாயாதிபதி ஆகவும்
/train/B03___11_Luke________TAMDIPN1DA_chunk8.wav,175308,பிசாசு புறப்பட்டு போன பின்பு ஊமையின் பேசினால் மக்கள் ஆச்சரியப்பட்ட
/train/B06___01_Romans______TAMDIPN1DA_chunk9.wav,432780,இயேசு கிறிஸ்துவை குறித்து தேவன் தம்முடைய தீர்க்கதரிசிகள் மூலமாக பரிசுத்த வேதாகமங்களில் முன்னமே தம்முடைய நற்செய்தியை பற்றி வாக்குத்தத்தம் பண்ணின படி கர்த்தராகிய இயேசு கிறிஸ்துவானவர்
/train/B04___11_John________TAMDIPN1DA_chunk2.wav,491052,மரியாளும் அவள் சகோதரியாகிய மார்த்தாண்டம் இருந்த பெத்தானியா கிராமத்தை சேர்ந்த லாசரு என்பவன் வியாதி பட்டிருந்தான் கர்த்தருக்கு பரிமளம் தைலம் பூசி தன் தலை முடியினால் அவருடைய பாதங்களை துடைத்தல் அந்த மரியாளே
/train/B04___15_John________TAMDIPN1DA_chunk8.wav,510892,என்னை பசிக்கிற என் பிதாவையும் பகைக்கிறான் வேறு ஒருவரும் செய்யாத செயல்களை நான் அவர்களுக்குள்ளே செய்யாது இருந்தால் அவர்களுக்கு பாவம் இருக்காது இப்பொழுது அவர்கள் என்னையும் என் பிதாவையும் பார்த்தும் பகைக்கும் இருக்கிறார்கள்
/train/B05___23_Acts________TAMDIPN1DA_chunk2.wav,521356,பரி செய்ய சமயத்தார் ஆனான வேத பண்டிதர்கள் சிலர் எழுந்து இந்த மனிதரிடத்தில் ஒரு தவறையும் காணவில்லை ஒரு ஆவி அல்லது ஒரு தேவதூதன் இவனுடன் பேசினது உண்டானால் நாம் தேவனுடைய சண்டையிடுவது தகாது என்று வாதாடினார்கள்
/train/B02___10_Mark________TAMDIPN1DA_chunk19.wav,355180,இயேசு அவனைப் பார்த்து நீ போகலாம் உன் விசுவாசம் உன்னை இரட்சித்தது என்றார் உடனே அவன் பார்வை பெற்று வழியிலேயே இயேசுவைப் பின்பற்றி அவர் பின்னே சென்ற
/train/B05___04_Acts________TAMDIPN1DA_chunk8.wav,551404,நடந்த சம்பவங்களை குறித்து எல்லோரும் தேவனை மகிமைப் படுத்தின படியால் மக்களுக்கு பயந்து அவர்களை தண்டிக்க வழி ஒன்றும் இல்லாமல் அவர்களை பயமுறுத்தி விட்டுவிட்டார்கள் அற்புதமாக சுகமாக்க பட்ட மனிதன் 40 வயதிற்கு மேற்பட்டவராக இருந்த
/train/B01___04_Matthew_____TAMDIPN1DA_chunk12.wav,638444,செபி தேவியின் குமாரர்களான யாக்கோபும் யோவானும் தங்களுடைய தகப்பன் படகிலிருந்து தங்களுடைய வலைகளை பழுது பார்த்துக் கொண்டிருக்கிற போது அவர்களை கண்டு அவர்களையும் அழைத்தார் உடனே அவர்கள் படகையும் தங்களுடைய தகப்பனையும் விட்டு அவருக்கு பின்னே சென்றார்கள்
/train/B01___06_Matthew_____TAMDIPN1DA_chunk7.wav,165228,அன்றியும் நீ ஜெபம் செய்யும்போது மாயக்கார போல இருக்க
/train/B23___01_1John_______TAMDIPN1DA_chunk19.wav,278412,நாம் பாவம் செய்யவில்லை என்போம் ஆனால் நாம் அவரை பொய்யராக இருப்போம் அவருடைய வார்த்தை நமக்குள் இருக்காது
/train/B01___10_Matthew_____TAMDIPN1DA_chunk2.wav,489388,அப்பொழுது இயேசு தம்முடைய 12 சீடர்களையும் தம்மிடத்தில் வரவழைத்து அசுத்த ஆவிகளை துரத்தவும் எல்லா வியாதிகளையும் எல்லா நோய்களையும் நீக்கவும் அவர்களுக்கு அதிகாரம் கொடுத்தார் அந்தப் பன்னிரண்டு அப்போஸ்தலருடைய பெயர்கள் ஆவன
/train/B03___18_Luke________TAMDIPN1DA_chunk11.wav,298860,பின்பு குழந்தைகளை அவர் தொடும் படிக்கு அவர்களை அவரிடத்தில் கொண்டு வந்தார்கள் சீடர்கள் அதைக் கண்டு கொண்டு வந்தவர்களை அகற்றினார்கள்
/train/B01___05_Matthew_____TAMDIPN1DA_chunk14.wav,387180,அன்றியும் பொய்யான விடாமல் உன் ஆணைகளை கர்த்தர் முன்னிலையில் செலுத்துவாயாக என்று முன்னோர்களுக்கு சொல்லப்பட்டது என்று கேள்விப்பட்டிருக்கிறீர்கள் நான் உங்களுக்கு சொல்லுகிறேன்
/train/B01___06_Matthew_____TAMDIPN1DA_chunk13.wav,519372,அவர்களைப்போல நீங்கள் செய்யாமல் இருங்கள் நீங்கள் உங்களுடைய பிதாவை நோக்கி வேண்டிக் கொள்வதற்கு முன்னமே உங்களுக்கு என்ன தேவை என்று அவர் அறிந்திருக்கிறார் நீங்கள் ஜெபம் செய்ய வேண்டிய விதமா அது பரலோகத்தில் இருக்கிற எங்கள் பிதாவே
/train/B04___21_John________TAMDIPN1DA_chunk12.wav,454956,இயேசுவுக்கு அன்பாக இருந்தவனும் இரவு உணவு சாப்பிடும் பொழுது அவர் மார்பில் சாய்ந்து ஆண்டவரே உம்மைக் காட்டிக் கொடுப்பவன் யார் என்று கேட்டால் ஈடன் பின்னால் வருகிறதை பார்த்தான் அவனைப் பார்த்து
/train/B06___01_Romans______TAMDIPN1DA_chunk25.wav,203276,அநியாயத்திற்கும் எதிராக தேவனுடைய கோபம் வானத்திலிருந்து வெளிப்படுத்தப்பட்டிருக்கிறது
/train/B07___13_1CorinthiansTAMDIPN1DA_chunk4.wav,426252,குழந்தையைப் போல பேசினேன் குழந்தையை போல சிந்தித்தேன் குழந்தையைப் போல யோசித்தேன் நான் வாலிபனான போதோ குழந்தைக்குரிய அவைகளை ஒழித்துவிட்டேன் இப்பொழுது கண்ணாடியிலே மங்கலான உருவத்தை பார்க்கிறோம்
/train/B03___19_Luke________TAMDIPN1DA_chunk5.wav,173356,ஒரு ராஜ்ஜியத்தை பெற்றுக் கொண்டு திரும்பி வரும்படி தூர தேசத்திற்கு போகப் புறப்பட்ட
/train/B03___01_Luke________TAMDIPN1DA_chunk17.wav,318924,ஆரோனுடைய சந்ததியில் ஒருத்தி அவளுடைய பெயர் எலிசபெத் அவர்கள் இருவரும் கர்த்தர் கொடுத்த எல்லா கட்டளைகளின் படியும்
/train/B03___02_Luke________TAMDIPN1DA_chunk4.wav,461516,அப்பொழுது அந்த நாட்டிலே மேய்ப்பர்கள் வயல்வெளியில் தங்கி ராத்திரியிலே அவர்களுடைய ஆட்டு மந்தையை காவல் காத்துக்கொண்டிருந்தார்கள் அந்த நேரத்திலே கர்த்தருடைய தூதன் அவர்களிடத்தில் வந்து நின்றான்
/train/B04___10_John________TAMDIPN1DA_chunk12.wav,436044,அவைகளை எனக்கு தந்த என் பிதா எல்லோரையும் விட பெரியவராக இருக்கிறார் அவைகளை என் பிதாவின் கையிலிருந்து பறித்துக்கொள்ள ஒருவனாலும் கூடாது நானும் பிதாவும் ஒன்றாக இருக்கிறோம் என்ற
/train/B03___22_Luke________TAMDIPN1DA_chunk9.wav,191436,அவன் சம்பளம் முதலானவைகள் விரித்து இருக்கிற மேல் வீட்டில் உள்ள ஒரு பெரிய அறையை உங்களுக்கு காண்பி
/train/B03___09_Luke________TAMDIPN1DA_chunk4.wav,571436,எந்த வீட்டுக்கு சென்றாலும் அங்கிருந்து புறப்படும் வரை அங்கே தங்கி இருங்கள் உங்களை ஏற்றுக் கொள்ளாதவர்கள் உடைய ஊரை விட்டு நீங்கள் புறப்படும் போது அவர்கள் உங்களை ஏற்றுக் கொள்ளாததற்கு சாட்சியாக உங்களுடைய கால்களில் படிந்துள்ள தூசியை உதறி போடுங்கள் என்ற
/train/B01___04_Matthew_____TAMDIPN1DA_chunk11.wav,267788,வலைகளை விட்டு அவருக்குப் பின்னே சென்றார்கள் அவர் அந்த இடத்தை விட்டுப் போகும்போது வேறு இரண்டு சகோதரர்களாகிய
/train/B06___01_Romans______TAMDIPN1DA_chunk8.wav,176620,கர்த்தராகிய இயேசு கிறிஸ்துவினால் உங்களுக்குக் கிருபையும் சமாதானமும் உண்டாவதாக
/train/B01___06_Matthew_____TAMDIPN1DA_chunk10.wav,303276,நீயோ ஜெபம் செய்யும்போது உன் அறை வீட்டிற்குள் பிரவேசித்து உன் கதவைப் பூட்டி மறைவிடத்தில் இருக்கிறவன் பிதாவை நோக்கி ஜெபம்
/train/B03___07_Luke________TAMDIPN1DA_chunk9.wav,415372,இவைகளையெல்லாம் யோவானுடைய சீடர்கள் அவனுக்கு அறிவித்தார்கள் அப்பொழுது யோவான் தன் சீடர்கள் இரண்டு பேரை அழைத்து நீங்கள் இயேசுவின் இடத்திற்கு போய் வருகிறவர் நீர் தானா அல்லது
/train/B01___12_Matthew_____TAMDIPN1DA_chunk16.wav,181420,அவனே எனக்கு சகோதரனும் சகோதரியும் தாயுமாகி
/train/B01___19_Matthew_____TAMDIPN1DA_chunk10.wav,559948,தரித்திர கொடு அப்பொழுது பரலோகத்தில் உனக்கு செல்வம் உண்டாயிருக்கும் பின்பு என்னைப் பின்பற்றி வா என்றார் அந்த வாலிபன் மிகுந்த ஆஸ்தி உள்ளவனாக இருந்தபடியால் இயேசு சொன்னவைகளை கேட்ட பொழுது துக்கம் அடைந்தவனாக போய்விட்டான்
/train/B05___04_Acts________TAMDIPN1DA_chunk13.wav,421804,ஒருவனும் தனக்குள்ள அவைகளில் ஒன்றையும் தன்னுடையது என்று சொல்லவில்லை அனைத்தும் அவர்களுக்கு பொதுவாக இருந்தது கர்த்தராகிய இயேசுவின் உயிர்த்தெழுதலை குறித்து அப்போஸ்தலர்கள் மிகுந்த உறுதியாக சாட்சி கொடுத்தார்கள்
/train/B05___27_Acts________TAMDIPN1DA_chunk16.wav,575020,14-ஆம் ராத்திரி ஆனபோது நாங்கள் ஆதிரா கடலிலே அலைக்கழிக்கப்பட்டு போகும்போது நடு ராத்திரியிலே கப்பல நாட்களுக்கு ஒரு கரை நெருங்கி வருகிறதா தோன்றியது உடனே அவர்கள் நங்கூரம் விட்டு பார்த்தபோது 20 அடி ஆழம் என்று கண்டார்கள்
/train/B03___22_Luke________TAMDIPN1DA_chunk5.wav,379436,அவர்கள் சந்தோஷப்பட்டு அவனுக்கு பணம் கொடுக்க உடன்பட்டார்கள் அதற்கு அவன் சம்மதித்து மக்கள் கூட்டம் இல்லாத நேரத்தில் அவரை அவர்களுக்கு காட்டிக் கொடுக்கும்படி சமயம் தேடின
/train/B03___09_Luke________TAMDIPN1DA_chunk14.wav,614572,இந்த வார்த்தைகளை அவர் சொல்லி ஏறக்குறைய எட்டு நாட்களுக்குப் பின்பு அவர் பேதுருவையும் யோவானையும் யாக்கோபையும் கூட்டிக் கொண்டு ஜபம் பண்ணுவதற்கு ஒரு மலையின் மேல் ஏறினார் அவர் ஜெபம் பண்ணும் போது அவருடைய முகத்தின் ரூபம் மாறியது அவருடைய ஆடை வெண்மையாக பிரகாசித்த
/train/B01___09_Matthew_____TAMDIPN1DA_chunk10.wav,291116,தோல் பைகளும் கெட்டுப்போகும் புதிய ரசத்தை புதிய தோல் பைகளில் ஊற்றி வைப்பார்கள் அப்பொழுது இரண்டும் பத்திரப் பட்டு இருக்கும் என்ற
/train/B05___21_Acts________TAMDIPN1DA_chunk19.wav,591564,மறுநாளிலே பவுலை சேர்ந்தவர்கள் ஆகிய நாங்கள் புறப்பட்டு சிசேரியன் பட்டணத்திற்கு வந்து ஏழு நபர்களில் ஒருவனாகிய பிலிப்பு என்னும் நற்செய்தி ஆர்டர் வீட்டிற்குச் சென்று அங்கு தங்கினோம் தீர்க்கதரிசனம் சொல்லுகிற கன்னிப் பெண்கள் ஆகிய நான்கு குமாரத்திகள் அவனுக்கு இருந்தார்கள்
/train/B01___08_Matthew_____TAMDIPN1DA_chunk12.wav,450668,முன்பு நான் போய் என் தகப்பனை அடக்கம் செய்ய எனக்கு அனுமதி கொடுக்க வேண்டும் என்றான் அதற்கு இயேசு மரித்தோர் தங்களுடைய மரித்தோரை அடக்கம் செய்யட்டும் நீ என்னை பின்பற்றி வா என்ற
/train/B04___04_John________TAMDIPN1DA_chunk2.wav,426668,யோவானை விட இயேசு அனேகம் பேரை சீடர்கள் ஆக்கி ஞானஸ்நானம் கொடுக்கிறார் என்று பரிசேயர்கள் கேள்விப்பட்டதை இயேசு அறிந்தபோது யூதேயா விட்டு மறுபடியும் கலிலேயாவுக்கு போன
/train/B05___22_Acts________TAMDIPN1DA_chunk1.wav,196652,சகோதரர்களே பெரியோர்களே நான் இப்பொழுது உங்களுக்கு சொல்லப் போகிறேன் நியாயங்களை கவனித்து கேளுங்கள் என்ற
/train/B01___09_Matthew_____TAMDIPN1DA_chunk9.wav,318124,புதிய திராட்சை ரசத்தை பழைய தோல் பைகளில் ஊற்றி வைக்கிறதும் இல்லை ஊற்றி வைத்தால் தோல் பைகள் கிழிந்து போகும் ரசமும் சிந்தி போகும்
/train/B01___20_Matthew_____TAMDIPN1DA_chunk9.wav,355276,மாலை நேரத்தில் திராட்சை தோட்டத்தின் எஜமான் தன் நிர்வாகியை பார்த்து நீ வேலை ஆட்களை அழைத்து பிந்தி வந்தவர்கள் தொடங்கி முதலில் வந்தவர்கள் வரைக்கும்
/train/B02___03_Mark________TAMDIPN1DA_chunk1.wav,210348,இயேசு மறுபடியும் ஜெப ஆலயத்திற்கு சென்றார் அங்கே சூம்பின கையை உடைய ஒரு மனிதன் இருந்த
/train/B06___01_Romans______TAMDIPN1DA_chunk11.wav,225228,அவர் எல்லா தேசத்து மக்களையும் அவர்களுக்குள் இயேசு கிறிஸ்துவினால் அழைக்கப்பட்டவர்கள் ஆகிய உங்கள
/train/B03___06_Luke________TAMDIPN1DA_chunk18.wav,307948,யூதேயா மற்றும் எருசலேம் நகரங்களில் இருந்தும் தீரு சீதோன் பட்டணங்கள் இருக்கிற கடலோரத்தில் இருந்தும் அநேக மக்கள் வந்திருந்தார்கள்
/train/B03___11_Luke________TAMDIPN1DA_chunk2.wav,508844,அவர் ஒரு இடத்தில் ஜெபம் பண்ணி முடித்த பின்பு அவருடைய சீடர்களில் ஒருவன் அவரை நோக்கி ஆண்டவரே யோவான் தன் சீடருக்கு ஜபம் பண்ண போதித்தது போல நீங்களும் எங்களுக்கு போதிக்க வேண்டும் என்றார் அதற்கு அவர் நீங்கள் ஜெபம் பண்ணும்போது
/train/B04___04_John________TAMDIPN1DA_chunk13.wav,414412,நான் செய்த எல்லாவற்றையும் எனக்குச் சொன்னார் என்று சாட்சி சொன்ன அந்தப் பெண்ணின் வார்த்தை நிமித்தம் அந்த ஊரில் உள்ள சமாரியர்கள் அநேகர் அவர் மேல் விசுவாசம் உள்ளவர்கள் ஆனார்கள்
/train/B01___01_Matthew_____TAMDIPN1DA_chunk2.wav,191820,ஆபிரகாமின் மகனாகிய தாவீதின் குமாரனான இயேசு கிறிஸ்துவின் வம்ச வரலாறு
/train/B01___06_Matthew_____TAMDIPN1DA_chunk11.wav,463308,அப்பொழுது மறைவிடத்தில் பார்க்கிற உன் பிதா வெளியரங்கம் செய்யும்போது தேவனை அறியாதவர்களை போல வீண் வார்த்தைகளை திரும்பத் திரும்ப பேசாதீர்கள்
/train/B02___10_Mark________TAMDIPN1DA_chunk10.wav,332172,இயேசு மீண்டும் அவர்களை பார்த்து பிள்ளைகளே செல்வத்தின் மேல் நம்பிக்கையாக இருக்கிறவர்கள் தேவனுடைய ராஜ்ஜியத்தில் பிரவேசிப்பது எவ்வளவு கடினமாக இருக்கிறது
/train/B04___21_John________TAMDIPN1DA_chunk5.wav,380908,இயேசு அவர்களைப் பார்த்து வாருங்கள் சாப்பிடுங்கள் என்றார் அவர் இயேசு என்று சீடர்கள் அறிந்த படியால் அவர்களில் ஒருவனும் நீ யார் என்று கேட்கத் துணியவில்லை
/train/B02___16_Mark________TAMDIPN1DA_chunk2.wav,202124,ஓய்வு நாட்களுக்கு பின்பு மகதலேனா மரியாளும் யாக்கோபின் தாயாகிய மரியா
/train/B01___08_Matthew_____TAMDIPN1DA_chunk2.wav,277932,அப்பொழுது குஷ்டரோகி ஒருவன் வந்து அவரைப் பணிந்து ஆண்டவரே உமக்கு விருப்பமானால் என்னை சுத்தப்படுத்த உம்மால் முடியும் என்ற
/train/B03___03_Luke________TAMDIPN1DA_chunk19.wav,388172,சலாத்துன் நேரிய குமாரன் நேரில் மேற்கின் குமாரன் மில்கி அத்தியின் குமாரன் அத்தி ஓசானம் கோசம் எல்மோ தாமின் குமாரன்
/train/B04___06_John________TAMDIPN1DA_chunk3.wav,379724,அப்பொழுது யூதர்களுடைய பண்டிகை ஆகிய பஸ்கா நெருங்கியிருந்தது இயேசு தம்முடைய கண்களை ஏறெடுத்து அநேக மக்கள் தம்மிடத்தில் வருகிறதை பார்த்து பிலிப்பு விடம் இவர்கள்
/train/B05___14_Acts________TAMDIPN1DA_chunk8.wav,272812,பகை உண்டாக்கினார்கள் அவர்கள் அங்கே அநேக நாட்கள் வாழ்ந்து கர்த்தரை முன்னிட்டு தைரியம் உள்ளவர்களாக போதகம் பண்ணினார்கள்
/train/B05___02_Acts________TAMDIPN1DA_chunk7.wav,633324,வானத்தின் கீழே இருக்கிற எல்லா தேசத்திலும் இருந்து வந்த தேவபக்தி உள்ள யூதர்கள் அப்பொழுது எருசலேமிலே தங்கி இருந்தார்கள் அந்த சத்தம் உண்டானபோது அனேக மக்கள் கூடி வந்து தங்கள் தங்கள் தங்கள் மொழியிலே அவர்கள் பேசுகிறதே கேட்ட படியினாலே கலக்கம் அடைந்தார்கள் எல்லோரும் பிரமித்து ஆச்சரியப்பட்டு
/train/B04___19_John________TAMDIPN1DA_chunk10.wav,341804,பிளாத் ஒரு மேல் விலாசத்தை எழுதி சிலுவையின் மேல் பொருத்த செய்தான் அதில் நசரேயனாகிய இயேசு யூதருடைய ராஜா என்று எழுதியிருந்தது
/train/B05___04_Acts________TAMDIPN1DA_chunk12.wav,182572,திரளான விசுவாச கூட்டத்தார் ஒரே இருதயமும் ஒரே மனம் உள்ளவர்களாக இருந்தார்கள்
/train/B01___06_Matthew_____TAMDIPN1DA_chunk3.wav,198412,அவர்கள் தங்களுடைய பலனை அடைந்து தீர்ந்தது என்று உண்மையாகவே உங்களுக்குச் சொல்லுகிறேன்
/train/B03___17_Luke________TAMDIPN1DA_chunk18.wav,312236,அவர்கள் அவருக்கு மறுமொழியாக எங்கே ஆண்டவரே என்றார்கள் அதற்கு அவர் பிணம் எங்கேயோ அங்கே கழுகுகள் வந்து கூடும் என்ற
/train/B03___06_Luke________TAMDIPN1DA_chunk33.wav,247852,மற்றவர்களை தண்டனை கொள்ளும் படி தீர்க்கதரிசிகள் அப்பொழுது நீங்களும் தண்டனைக்கு உள்ளாக தீர்க்கப்படாமல் இருப்பீர்கள்
/train/B01___08_Matthew_____TAMDIPN1DA_chunk7.wav,389356,பின்பு இயேசு அந்த தலைவரை பார்த்து நீ போகலாம் நீ விசுவாசித்த படியே உனக்கு ஆகக்கடவது என்றார் அதே மணி நேரத்திலே அவனுடைய வேலைக்காரன் சுகமான
/train/B03___05_Luke________TAMDIPN1DA_chunk13.wav,625164,தேவன் ஒருவரை அன்றி பாவங்களை மன்னிக்க தக்கவர் யார் என்றார்கள் இயேசு அவர்கள் சிந்தனைகளை அறிந்து அவர்களை நோக்கி உங்களுடைய இருதயங்களில் நீங்கள் சிந்திக்கிறது என்ன உன் பாவங்கள் உனக்கு மன்னிக்கப்பட்டது என்று சொல்வதோ அல்லது எழுந்து நட என்று சொல்லுவதோ எது எளிது
/train/B03___01_Luke________TAMDIPN1DA_chunk31.wav,313740,அதற்கு மரியாள் இதோ நான் ஆண்டவருக்கு அடிமை உம்முடைய வார்த்தையின்படி எனக்கு நடக்கட்டும் என்றாள் அப்பொழுது தேவதூதன் அவளை விட்டு போய்விட்ட
/train/B05___16_Acts________TAMDIPN1DA_chunk6.wav,389644,அந்த தரிசனத்தை அவன் கண்டபோது அவர்களுக்கு நற்செய்தியை தெரிவிக்கும்படி கர்த்தர் எங்களை அழைத்தார் என்று நாங்கள் உறுதிப்படுத்திக் கொண்டு உடனே மக்கள் தோனி அளவிற்கு புறப்பட்டோம்
/train/B04___01_John________TAMDIPN1DA_chunk6.wav,271020,தேவனை ஒருவனும் ஒருநாளும் பார்த்ததில்லை பிதாவின் மடியில் இருக்கிற ஒரே பேரான குமாரனே அவரை வெளிப்படுத்தினார்
/train/B03___02_Luke________TAMDIPN1DA_chunk8.wav,574732,மோசேயின் நியாயப்பிரமாணத்தின் படியே அவர்களுடைய சுத்திகரிப்பு நாட்கள் முடிந்த பின்பு முதலில் பிறக்கும் ஆண் பிள்ளை கர்த்தருக்கு பரிசுத்தமானது என்று கர்த்தருடைய நியாயப்பிரமாணத்தில் எழுதியிருக்கிறபடி குழந்தையை கர்த்தருக்கென்று ஒப்புக் கொடுப்பதற்காகவும்
/train/B03___24_Luke________TAMDIPN1DA_chunk7.wav,297132,அன்றைய தினமே அவர்களில் இரண்டு பேர் எருசலேமுக்கு ஏழு அல்லது எட்டு மயில் தொலைவில் உள்ள எம்மாவு என்னும் கிராமத்திற்கு போனார்கள்
/train/B03___07_Luke________TAMDIPN1DA_chunk3.wav,338892,அவன் இயேசுவை குறித்து கேள்விப்பட்ட போது அவன் வந்து தன் வேலைக்காரனை குணமாக்க வேண்டும் என்று அவரைக் கேட்டுக் கொள்ள யூதர்களுடைய ஆலய மூப்பர்களை அவரிடத்தில் அனுப்பின
/train/B03___06_Luke________TAMDIPN1DA_chunk4.wav,207372,அவர்களை நோக்கி ஓய்வு நாளில் செய்யக்கூடாததை நீங்கள் ஏன் செய்கிறீர்கள் என்று கேட்டார்கள்
/train/B01___22_Matthew_____TAMDIPN1DA_chunk6.wav,353516,அப்பொழுது பரிசேயர்கள் போய் பேச்சிலே அவரை அகப்படுத்தும் படி யோசனை செய்து தங்களுடைய சீடர்களையும் ஏரோதியர்களும் அவரிடத்தில் அனுப்பினார்கள்
/train/B01___09_Matthew_____TAMDIPN1DA_chunk16.wav,494828,பிசாசு துரத்தப்பட்ட பின்பு ஊமையன் பேசினான் மக்கள் ஆச்சரியப்பட்டு இஸ்ரவேலில் இப்படி ஒருபோதும் காணப்படவில்லை என்றார்கள் பரிசேயர்கள் இவன் பிசாசுகளின் தலைவனே பிசாசுகளை துரத்துகிறான் என்றார்கள்
/train/B03___05_Luke________TAMDIPN1DA_chunk3.wav,266892,தேவ வசனத்தை கேட்பதற்காக அவரிடம் நெருங்கி வந்தார்கள் அப்பொழுது கடற்கரையில் நின்று கொண்டிருந்த இரண்டு படகுகளை கண்ட
/train/B03___22_Luke________TAMDIPN1DA_chunk21.wav,621388,இயேசுவைப் பிடித்துக் கொண்ட மனிதர்கள் அவரை கேலி செய்து அடித்து அவருடைய கண்களை கட்டி அவருடைய முகத்தில் அறைந்து உன்னை அடித்தவன் யார் அதை தீர்க்க தரிசனத்தால் சொல் என்று அவரை கேட்டது நன்றி மற்றும் அநேக அவதூறான வார்த்தைகளையும் அவருக்கு எதிராக பேசினார்கள்
/train/B05___06_Acts________TAMDIPN1DA_chunk5.wav,510444,டேவான் விசுவாசத்தினாலே வல்லமையின் நாளும் நிறைந்தவனாக மக்களுக்கு உள்ளே பெரிய அற்புதங்களையும் அடையாளங்களையும் செய்தான் அப்பொழுது லிபரல் ஆலயத்தை சேர்ந்தவர்களும் சிரேனே
/train/B03___02_Luke________TAMDIPN1DA_chunk10.wav,531596,மரியாளுடைய சுத்திகரிப்புக்கு என்று ஒரு ஜோடி காட்டு புறாக்களை அல்லது இரண்டு புறா குஞ்சுகளை பலியாக செலுத்துவதற்காக குழந்தையோடு எருசலேமுக்கு போனார்கள் அப்பொழுது சிமியோன் என்னும் பெயர் கொண்ட ஒரு மனிதன் எருசலேமில் இருந்தான்
/train/B06___02_Romans______TAMDIPN1DA_chunk7.wav,254700,எவர்கள் நியாயப்பிரமாணம் இல்லாமல் பாவம் செய்கிறார்களோ அவர்கள் நியாயப்பிரமாணம் இல்லாமல் கெட்டுப் போவார்கள்
/train/B06___01_Romans______TAMDIPN1DA_chunk20.wav,234636,கிரேக்கர்களுக்கு மற்ற அன்னையர்களுக்கும் ஞானிகளுக்கும் மூடர்களுக்கு நான் கடனாளியாக இருக்கிற
/train/B01___18_Matthew_____TAMDIPN1DA_chunk8.wav,356204,உண்மையாகவே உங்களுக்குச் சொல்லுகிறேன் இவ்விதமாக இந்த சிறியவரின் ஒருவன் கூட அழிந்து போவது பரலோகத்தில் இருக்கிற உங்களுடைய பிதாவின் விருப்பம் அல்ல
/train/B01___03_Matthew_____TAMDIPN1DA_chunk2.wav,336972,அந்த நாட்களிலே யோவான் ஞானம் யூதரின் வனாந்தரத்தில் வந்து மனம் திரும்புங்கள் பரலோக ராஜ்ஜியம் சமீபமாக இருக்கிறது என்று பிரசங்கம் செய்தான்
/train/B03___02_Luke________TAMDIPN1DA_chunk11.wav,294060,அவர் நீதியும் தேவ பக்தியும் உள்ளவனாகவும் இஸ்ரவேல் மக்களுக்கு ஆறுதல் கொடுப்பவர் வருவார் என்று எதிர்பார்த்துக் கொண்டும் இருந்த
/train/B05___21_Acts________TAMDIPN1DA_chunk13.wav,555020,அங்கே கப்பலின் சரக்குகளை இறக்க வேண்டியதாக இருந்தது அந்த இடத்திலே வாழ்ந்து வந்த சீடர்களை கண்டுபிடித்து அங்கே ஏழு நாட்கள் தங்கினோம் அவர்கள் அவளைப் பார்த்து நீர் எருசலேமுக்கு போக வேண்டாம் என்று பரிசுத்த ஆவியானவரின் ஏவுதலால் சொன்னார்கள்
/train/B01___08_Matthew_____TAMDIPN1DA_chunk5.wav,517100,இயேசு கப்பர் நகூ நுழைந்தபோது 100 படைவீரர்களுக்கு தலைவனாகிய ஒருவன் அவரிடத்தில் வந்து ஆண்டவரே என் வேலைக்காரன் வீட்டில் பக்கவாதம் கிடந்து மிகவும் வேதனைப்படுகிறான் என்று அவரை வேண்டிக் கொண்டான்
/train/B06___01_Romans______TAMDIPN1DA_chunk17.wav,343788,நான் எப்படியாவது உங்களிடம் வருவதற்கு தேவனுடைய விருப்பத்தினால் எனக்கு நல்ல பயணம் சீக்கிரத்தில் அமைய வேண்டும் என்று ஜெபித்துக் கொள்ளுகிறேன்
/train/B03___18_Luke________TAMDIPN1DA_chunk4.wav,168172,ஒரு பட்டணத்திலே ஒரு நியாயாதிபதி இருந்தான் அவன் தேவனுக்கு பயப்படாத வரும்
/train/B03___16_Luke________TAMDIPN1DA_chunk4.wav,328396,எஜமான் இடத்தில் கடன் பட்டவர்களை ஒவ்வொருவராக வரவழைத்து முதலாவது வந்தவனை நோக்கி நீ என் எஜமான் இடத்தில் பட்ட கடன் எவ்வளவு என்ற
/train/B04___03_John________TAMDIPN1DA_chunk6.wav,278156,நீங்க செய்கிற எவனும் ஒளியை பகைக்கிறான் தன் செய்கைகள் சுட்டிக் காட்டப்படாத படிக்கு ஒளியின் இடத்தில் வராது இருக்கிற
/train/B05___13_Acts________TAMDIPN1DA_chunk9.wav,226124,அப்பொழுது உபவாசித்து ஜெபம் பண்ணி அவர்கள் மேல் கரங்களை வைத்து அவர்களை அனுப்பினார்கள்
/train/B03___24_Luke________TAMDIPN1DA_chunk2.wav,307436,வாரத்தின் முதலாம் நாள் அதிகாலையிலே தாங்கள் ஆயத்தம் செய்த கந்த வர்க்கங்களை அந்த பெண்கள் எடுத்துக்கொண்டு வேறு சில பெண்களோடு கூட கல்லறைக்கு வந்தார்கள்
/train/B03___06_Luke________TAMDIPN1DA_chunk41.wav,245676,என்னை ஆண்டவரே என்று நீங்கள் சொல்லியும் நான் சொல்லுகிறபடி நீங்கள் செய்யாமல் போகிறது என்ன
/train/B05___28_Acts________TAMDIPN1DA_chunk3.wav,286828,அந்த நேரத்திலே பிடித்திருந்த மழைக்காக குளிராகவும் அவர்கள் நெருப்பை மூட்டி எங்கள் அனைவரையும் சேர்த்துக் கொண்டார்கள்
/train/B03___15_Luke________TAMDIPN1DA_chunk10.wav,622508,அன்றியும் ஒரு பெண் 10 வெள்ளி காசுகளை உடையவளாக இருந்து அதில் ஒரு வெள்ளிக்காசு காணாமல் போனால் விளக்கைக் கொளுத்தி வீட்டை பெருக்கி அதை கண்டுபிடிக்கிற வரைக்கும் அக்கறையோடு தேடாமல் இருப்பாளோ கண்டுபிடித்த பின்பு தன் தோழிகளையும் அண்டை வீட்டுக்காரர்களை கூட வரவழைத்து
/train/B04___01_John________TAMDIPN1DA_chunk5.wav,551404,அவர் இவர்தான் என்று சத்தமிட்டுச் சொன்னான் அவருடைய பரிபூரணத்தை நாள் நாம் எல்லோரும் கிருபையின்மேல் கிருபை பெற்றோம் ஏனென்றால் நியாயப்பிரமாணம் மோசேயின் மூலமாக கொடுக்கப்பட்டது கிருபையும் சத்தியமும் இயேசு கிறிஸ்துவின் மூலமாக வந்தது
/train/B03___18_Luke________TAMDIPN1DA_chunk19.wav,259980,பின்பு இயேசு எரிகோவுக்கு சமீபமாக வந்தபோது ஒரு குருடன் வழி அருகே உட்கார்ந்து பிச்சை கேட்டுக்கொண்டிருந்த
/train/B04___06_John________TAMDIPN1DA_chunk2.wav,587820,இவைகளுக்குப் பின்பு இயேசு திபேரியா கடல் எனப்பட்ட கலிலேயா கடலின் அக்கரைக்குப் போனார் அவர் வியாதியாக இருந்தவர்களுக்கு செய்த அற்புதங்களை திரளான மக்கள் பார்த்த படியால் அவருக்குப் பின் சென்றார்கள் இயேசு மலையின்மேல் ஏறி அங்கே தம்முடைய சீடர்களோடு கூட உட்கார்ந்தார்
/train/B03___02_Luke________TAMDIPN1DA_chunk14.wav,467628,யூதர் அல்லாதவர்களுக்கு பிரகாசிக்கிற ஒளியாகவும் உம்முடைய மக்களாகிய இஸ்ரவேலுக்கு மகிமையாக தேவரீர் எல்லா மக்களுக்கும் முன்பாக நீர் ஆயத்தம் பண்ணி அனுப்பின இரட்சகரை என் கண்களால் பார்த்தேன் என்றான்
/train/B01___28_Matthew_____TAMDIPN1DA_chunk5.wav,301420,அவர்கள் போகும் போது காவல் வீரர்கள் சிலர் நகரத்திற்கு உள்ளே வந்து நடந்த யாவற்றையும் பிரதான ஆசாரியனுக்கு அறிவித்தார்கள்
/train/B03___13_Luke________TAMDIPN1DA_chunk8.wav,416108,இயேசு அவளைக் கண்டு தம்மிடத்தில் அழைத்து பெண்ணே உன் பலவீனத்தில் இருந்து விடுதலை ஆக்கப்பட்டார் என்று சொல்லி அவள் மேல் தமது கரங்களை வைத்தார் உடனே அவள் நிமிர்ந்து தேவனை மகிமைப் படுத்தின
/train/B03___09_Luke________TAMDIPN1DA_chunk18.wav,206668,மறுநாளில் அவர்கள் மலையில் இருந்து இறங்கின போது மக்கள் கூட்டம் அவரை சந்திக்க அவரிடம் வந்தார்கள்
/train/B03___14_Luke________TAMDIPN1DA_chunk2.wav,527084,ஒரு ஓய்வு நாளிலே பரிசேயர்கள் தலைவனாகிய ஒருவனுடைய வீட்டிலே அவர் உணவு உட்கொள்ளும் படிக்கு சென்றிருந்தார் அப்பொழுது நீர் கோவை வியாதி உள்ள ஒரு மனிதன் அவருக்கு முன்பாக இருந்தான் அவனுக்கு என்ன செய்வாரோ என்று மக்கள் அவன் அவர் மேல் நோக்கமாக இருந்தார்கள்
/train/B05___10_Acts________TAMDIPN1DA_chunk5.wav,603372,அவன் தேவபக்தி உள்ளவனும் தன் குடும்பத்தாரோடு தேவனுக்கு பயந்தவங்க இருந்து மக்களுக்கு அதிக தருமங்களை செய்து எப்பொழுதும் தேவனை நோக்கி ஜபம் பண்ணிக் கொண்டிருந்தான் பிற்பகலில் ஏறக்குறைய மூன்று மணி அளவில் தேவனுடைய தூதன் அவனிடத்தில் வந்து
/train/B06___01_Romans______TAMDIPN1DA_chunk27.wav,497772,காணப்படாதவை ஆகிய அவருடைய நித்திய வல்லமை தெய்வீகத் தன்மை என்பவைகள் படைக்கப்பட்டு இருக்கிறது உலகம் உண்டாக்கப்பட்ட இதிலிருந்து தெளிவாக காணப்படும் எனவே அவர்கள் சாக்கு போக்கு சொல்ல முடியாது
/train/B03___05_Luke________TAMDIPN1DA_chunk5.wav,614028,ஐயா இரவு முழுவதும் நாங்கள் முயற்சி செய்தும் ஒன்றும் கிடைக்கவில்லை இருப்பினும் உம்முடைய வார்த்தையின்படி நான் வலைகளை போடுகிறேன் என்றான் அப்படியே அவர்கள் வலைகளை போட்டு அவர்கள் வலைகள் கிழிந்து போகும் அளவிற்கு அதிகமான மீன்களைப் பிடித்தார்கள் அப்பொழுது மற்ற படகில் இருந்த
/train/B05___17_Acts________TAMDIPN1DA_chunk2.wav,330156,அவர்கள் அம்பி போலி பட்டணத்தையும் அப்பொழுது நீயா பட்டணத்தையும் கடந்து வந்தார்கள் அங்கே யூதர்களுக்கு ஒரு ஜெப ஆலயம் இருந்தது
/train/B03___17_Luke________TAMDIPN1DA_chunk14.wav,206700,மக்கள் புசித்தார்கள் துடித்தார்கள் கொண்டார்கள் விற்றார்கள் தட்டினார்கள்
/train/B05___11_Acts________TAMDIPN1DA_chunk6.wav,479148,தேவனுடைய மரணத்தினால் வந்த உபத்திரவத்தின் நாளே சிதற பட்டவர்கள் நற்செய்தி வசனத்தை யூதர்களுக்கு மட்டும் அறிவித்து மற்றவர்களுக்கு அறிவிக்காமல் எண்ணிக்கை நாடு சீப்பு தீவும் அந்தியோகியா பட்டணம் வரைக்கும் சுற்றி தெரிந்தார்கள்
/train/B03___01_Luke________TAMDIPN1DA_chunk29.wav,170604,குழந்தை இல்லாதவள் என்று சொல்லப்பட்ட அவளுக்கு இது ஆறாவது மாதம்
/train/B01___26_Matthew_____TAMDIPN1DA_chunk22.wav,374572,அந்த நேரத்தில் பேதுரு வெளியே வந்து அரண்மனை மொத்தத்தில் உட்கார்ந்திருந்தான் அப்பொழுது வேலைக்காரி ஒருத்தி அவரிடத்தில் வந்து நீயும் கலிலேய இயேசுவோடு கூட
/train/B05___13_Acts________TAMDIPN1DA_chunk20.wav,431724,இயேசுவை உயிரோடு எழுப்பினால் அதற்கு அருளிய வாக்குத்தத்தத்தை அவர்களுடைய பிள்ளைகளாகிய நமக்கு நிறைவேற்றினார் என்று நாங்களும் உங்களுக்கு நற்செய்தியாக அறிவிக்கிறோம்
/train/B01___08_Matthew_____TAMDIPN1DA_chunk1.wav,242444,குஷ்டரோகி சுகமடைந்தோம்
/train/B03___08_Luke________TAMDIPN1DA_chunk17.wav,434732,பிசாசுகள் நீங்கின மனிதன் அவரோடு கூட இருக்கும்படி உத்தரவு கேட்டான் இயேசு அவனை நோக்கி நீ உன் வீட்டிற்கு திரும்பி போய் தேவன் உனக்கு செய்தவைகளை எல்லாம் சொல் என்று சொல்லி அவனை அனுப்பி விட்ட
/train/B03___06_Luke________TAMDIPN1DA_chunk19.wav,466316,அசுத்த ஆவிகளால் பாதிக்கப்பட்டவர்களும் வந்து ஆரோக்கியம் அடைந்தார்கள் அவரிடத்தில் இருந்து வல்லமை புறப்பட்டு எல்லோரையும் குணமாக்கினீர் மக்கள் எல்லோரும் அவரை தொடுவதாக
/train/B01___27_Matthew_____TAMDIPN1DA_chunk2.wav,604812,விடியற்காலம் ஆனபோது எல்லா பிரதான ஆசாரியர்களும் மக்களின் மூப்பர்களும் இயேசுவை கொலை செய்யும்படி அவருக்கு விரோதமாக ஆலோசனை செய்து அவரை கட்டிக் கொண்டு போய் தேசாதிபதியாகிய பொந்தியு பிலாத்துவின் இடத்தில் ஒப்புக் கொடுத்தார்கள் அப்பொழுது அவரை காட்டிக் கொடுத்த யூ
/train/B03___20_Luke________TAMDIPN1DA_chunk6.wav,348172,பிரதான ஆசாரியர்களும் வேத பண்டிதர்களும் தங்களைக் குறித்து இந்த உதாரணத்தைச் சொன்னார் என்று அறிந்து அந்த நேரத்திலே அவரை பிடிக்க வகித்து விடும் மக்களுக்கு பயன் இருந்தார்கள்
/train/B05___13_Acts________TAMDIPN1DA_chunk7.wav,323756,கர்த்தருக்கு ஆராதனை செய்து உபவாசித்து கொண்டிருக்கிற போது பர்னபாவும் சவுலும் நான் அழைத்த ஊழியத்திற்காக அவர்களைப் பிரித்து விடுங்கள் என்று
/train/B03___24_Luke________TAMDIPN1DA_chunk5.wav,566828,இவர்களுடைய வார்த்தைகள் அவர்களுக்கு வீண் பேச்சாக தோன்றியதால் அவர்கள் இவர்களை நம்பவில்லை பேதுருவை எழுந்திருந்து கல்லறை இடத்திற்கு ஓடி அதற்குள்ளே குனிந்து பார்க்கும் போது துணிகளை தனியே வைத்திருக்கக் கண்டு சம்பவித்தது குறித்து தனக்குள்ளே ஆச்சரியப்பட்டுக் கொண்டு போன
/train/B01___11_Matthew_____TAMDIPN1DA_chunk4.wav,613900,உன் இரவாகவும் குடிக்கிற வராகவும் வந்தார் அதற்கு அவர்கள் இதோ உணவு பிரியனும் மதுபான பிரியமான மனிதன் வரி வசூலிப்பு அவர்களுக்கும் பாவிகளுக்கும் நண்பன் என்கிறார்கள் ஆனாலும் நியாயமானது அதன் பிள்ளைகளால் நீதி உள்ளது என்று ஒப்புக் கொள்ளப்படும் என்ற
/train/B03___04_Luke________TAMDIPN1DA_chunk15.wav,384236,அவளை குணமாக்க வேண்டும் என்று அவளுக்காக அவரை வேண்டிக் கொண்டார்கள் அவர் அவனிடம் குனிந்து நின்று ஜுரம் நீங்கும் படி கட்டளையிட்டார் உடனே ஜுரம் அவளை விட்டு நீங்கியது
/train/B03___16_Luke________TAMDIPN1DA_chunk13.wav,266732,ஆபிரகாம் அவனை நோக்கி அவர்களுக்கு மோசேயும் தீர்க்கதரிசிகளும் உண்டு அவர்களுக்கு அவர்கள் செவி கொடுக்கட்டும் என்ற
/train/B03___03_Luke________TAMDIPN1DA_chunk17.wav,403788,சீமை யோசேப்பின் குமாரன் யோசேப்பு யூதாவின் குமாரன் யூதா யோகன் நாவின் குமாரன் யோவான் ராசாவின் குமாரன் ராசா செருபாபேல் குமாரன்
/train/B05___20_Acts________TAMDIPN1DA_chunk3.wav,597356,அங்கே அவன் மூன்று மாதங்கள் வசித்த பின்பு அவன் கப்பல் ஏறி சிரியா தேசத்திற்கு போக நினைத்த போது யூதர்கள் அவனை கொலை செய்யும்படி ரகசியமாக யோசனை செய்து கொண்டிருந்தபடியால் மக்கள் தோனியா தேசத்தில் வழியாக திரும்பிப் போக தீர்மானம் பண்ணினான் பெரிய ஊரான் ஆகிய
/train/B05___02_Acts________TAMDIPN1DA_chunk13.wav,227308,அப்பொழுது கர்த்தருடைய நாமத்தை தொழுது கொள்ளுகிறவன் எவனோ அவன் இரட்சிக்கப்படுவான் என்று தேவன் உரைத்திருக்கிறார்
/train/B05___17_Acts________TAMDIPN1DA_chunk8.wav,575884,பெற யாவிலும் வேத வசனம் பவுலின் அறிவிக்கப்படுகிறது என்று யூதர்களுக்கு தெரிந்தபோது அங்கேயும் வந்து மக்களை தூண்டி விட்டார்கள் உடனே சகோதரர்கள் பவுலை கடல் வழியாக அனுப்பி விட்டார்கள் சீலாவும் திமோத்தேயு அங்கே தங்கி இருந்தார்கள்
/train/B23___01_1John_______TAMDIPN1DA_chunk7.wav,365452,பிதாவினிடத்தில் இருந்ததும் எங்களுக்கு வெளிப்பட்டது ஆன நித்தியமாக இருக்கிற அந்த ஜீவனை நாங்கள் பார்த்து அதை குறித்து சாட்சி கொடுத்து அதை உங்களுக்கு அறிவிக்கிறோம்
/train/B05___28_Acts________TAMDIPN1DA_chunk2.wav,362188,நாங்கள் தப்பி கரையை சேர்ந்த பின்பு அந்தத் தீவின் பெயர் மெலித்தா என்று அறிந்தோம் அறிமுகம் இல்லாத அந்த தீவின் மக்கள் எங்களுக்கு பாராட்டின அன்பு கொஞ்சமல்ல
/train/B01___20_Matthew_____TAMDIPN1DA_chunk5.wav,340748,சும்மா நிக்கிற வேறு சிலரை பார்த்து நீங்களும் திராட்சைத் தோட்டத்திற்கு போங்கள் நியாயமான படி உங்களுக்கு கூலி கொடுப்பேன் என்றான் அவர்களும் போனார்கள்
/train/B04___01_John________TAMDIPN1DA_chunk15.wav,359340,மறுநாளிலே யோவானும் அவனுடைய சீஷர்கள் இரண்டு பேரும் நிற்கும் போது இயேசு நடந்து போகிறதை அவன் பார்த்து இதோ தேவா ஆட்டுக்குட்டி என்ற
/train/B01___06_Matthew_____TAMDIPN1DA_chunk9.wav,189548,அவர்கள் தங்களுடைய பலனை அடைந்து தீர்ந்ததென்று உண்மையாகவே உங்களுக்குச் சொல்லுகிறேன்
/train/B01___06_Matthew_____TAMDIPN1DA_chunk8.wav,279116,மனிதர்கள் பார்க்கும்படியாக அவர்கள் ஜெப ஆலயங்களிலும் வீதிகளிலும் முச்சந்திகளில் நின்று ஜெபம் செய்ய விரும்புகிறார்கள்
/train/B06___01_Romans______TAMDIPN1DA_chunk6.wav,174348,பரிசுத்தவான்கள் ஆவதற்காக அழைக்கப்பட்டவர்கள் ஆகிய அனைவருக்கும்
/train/B03___15_Luke________TAMDIPN1DA_chunk18.wav,191372,அவளுடைய மூத்த குமாரன் வயலில் இருந்தான் அவன் திரும்பி வீட்டிற்கு அருகில் வருகிறபோது
/train/B03___08_Luke________TAMDIPN1DA_chunk4.wav,161164,ஒருவனும் விளக்கைக் கொளுத்தி அதை ஒரு பாத்திரத்தில் மூடி வைக்க மாட்ட
/train/B04___21_John________TAMDIPN1DA_chunk13.wav,443212,பேதுரு இயேசுவிடம் ஆண்டவரே இவன் காரியம் என்ன என்றான் அதற்கு இயேசு நான் வரும் வரைக்கும் இவன் இருக்க எனக்கு விருப்பமானால் உனக்கென்ன நீ என்னை பின்பற்றி வா என்ற
/train/B03___12_Luke________TAMDIPN1DA_chunk2.wav,260300,அந்த நேரத்தில் பல ஆயிரக்கணக்கான மக்கள் இயேசுவிடம் கூடி வந்திருக்கும் போது அவர் முதலாவது நம்முடைய சீடர்களை நோக்கி
/train/B01___04_Matthew_____TAMDIPN1DA_chunk4.wav,594668,அப்பொழுது பிசாசு அவரை பரிசுத்த நகரத்திற்கு கொண்டு போய் தேவாலயத்தின் உச்சியில் அவரை நிறுத்தி நீர் தேவனுடைய குமாரன் என்றால் கீழே குதிரையும் ஏனென்றால் தம்முடைய தூதர்களுக்கு உம்மை குறித்து கட்டளையிடுவார் உமது பாதம் கல்லில் மோதாத படி
/train/B03___15_Luke________TAMDIPN1DA_chunk7.wav,316652,உங்களில் ஒரு மனிதன் 100 ஆடுகளை உடையவனாக இருந்து அவைகளில் ஒன்று காணாமல் போனால் 99 ஆடுகளையும் வனாந்தரத்திலே விட்டு
/train/B06___03_Romans______TAMDIPN1DA_chunk7.wav,213964,அவர்களுடைய அவிசுவாசம் தேவனுடைய உண்மையை ஒன்றுமில்லாமல் ஆக்குமாறு ஆக்கா
/train/B03___22_Luke________TAMDIPN1DA_chunk4.wav,436588,காரியோத் என்னும் மறுபெயர் கொண்ட யூதாஸ் சாத்தான் புகுந்தான் அவன் பிரதான ஆசாரிகள் இடத்திலும் படைத் தலைவர்கள் இடத்திலும் போய் அவரைக் காட்டிக் கொடுக்கும் விதத்தை குறித்து அவர்களோடு ஆலோசனை செய்த
/train/B03___15_Luke________TAMDIPN1DA_chunk5.wav,262732,அப்பொழுது பரிசேயர்களும் வேத பண்டிதர்களும் முணுமுணுத்து இவர் பாவிகளை ஏற்றுக் கொண்டு அவர்களோடு சாப்பிடுகிறார் என்றார்கள்
/train/B03___05_Luke________TAMDIPN1DA_chunk29.wav,570764,புதிய திராட்சை ரசத்தை புதிய தோல் பைகளில் ஊற்றி வைக்க வேண்டும் அப்பொழுது இரண்டும் பத்திரமாக இருக்கும் அன்றியும் ஒருவனும் பழைய திராட்சை ரசத்தை குடித்த உடனே புதிய திராட்சை ரசத்தை விரும்ப மாட்டான் பழைய திராட்சை ரசமே நல்லதென்று சொல்லுவான் என்ற
/train/B06___01_Romans______TAMDIPN1DA_chunk31.wav,376684,தேவனுடைய சத்தியத்தை அவர்கள் பொய்யாக மாற்றி படைத்தவரை தொழுது கொள்ளாமல் படைக்கப்பட்டவை தொழுது கொண்டார்கள் அவரை என்றென்றைக்கும் ஸ்தோத்திரிக்கப்பட்டவர்
/train/B01___26_Matthew_____TAMDIPN1DA_chunk4.wav,287820,இயேசு பெத்தானியாவில் குஷ்டரோகி ஆக இருந்த சீமோன் வீட்டில் இருக்கும்போது ஒரு பெண் விலையேறப்பெற்ற பரிமள தைலம் உள்ள
